{"metaData":[{"smoothBlockType":"pumpkin","language":"En"}],"roundData":[
{"game":12,"round":1,"environment":"smooth","blockType":"pumpkin","soloRound":"TRUE","envFile":"smooth.11.csv","time_limit":120,"trainingRound":"TRUE"},
{"game":12,"round":2,"environment":"random","blockType":"melon","soloRound":"TRUE","envFile":"random.7.csv","time_limit":120,"trainingRound":"TRUE"},
{"game":12,"round":3,"environment":"smooth","blockType":"pumpkin","soloRound":"FALSE","envFile":"smooth.1.csv","time_limit":120,"trainingRound":"FALSE"},
{"game":12,"round":4,"environment":"smooth","blockType":"pumpkin","soloRound":"FALSE","envFile":"smooth.5.csv","time_limit":120,"trainingRound":"FALSE"},
{"game":12,"round":5,"environment":"smooth","blockType":"pumpkin","soloRound":"FALSE","envFile":"smooth.13.csv","time_limit":120,"trainingRound":"FALSE"},
{"game":12,"round":6,"environment":"smooth","blockType":"pumpkin","soloRound":"FALSE","envFile":"smooth.10.csv","time_limit":120,"trainingRound":"FALSE"},
{"game":12,"round":7,"environment":"smooth","blockType":"pumpkin","soloRound":"TRUE","envFile":"smooth.12.csv","time_limit":120,"trainingRound":"FALSE"},
{"game":12,"round":8,"environment":"smooth","blockType":"pumpkin","soloRound":"TRUE","envFile":"smooth.2.csv","time_limit":120,"trainingRound":"FALSE"},
{"game":12,"round":9,"environment":"smooth","blockType":"pumpkin","soloRound":"TRUE","envFile":"smooth.16.csv","time_limit":120,"trainingRound":"FALSE"},
{"game":12,"round":10,"environment":"smooth","blockType":"pumpkin","soloRound":"TRUE","envFile":"smooth.7.csv","time_limit":120,"trainingRound":"FALSE"},
{"game":12,"round":11,"environment":"random","blockType":"melon","soloRound":"FALSE","envFile":"random.9.csv","time_limit":120,"trainingRound":"FALSE"},
{"game":12,"round":12,"environment":"random","blockType":"melon","soloRound":"FALSE","envFile":"random.16.csv","time_limit":120,"trainingRound":"FALSE"},
{"game":12,"round":13,"environment":"random","blockType":"melon","soloRound":"FALSE","envFile":"random.13.csv","time_limit":120,"trainingRound":"FALSE"},
{"game":12,"round":14,"environment":"random","blockType":"melon","soloRound":"FALSE","envFile":"random.2.csv","time_limit":120,"trainingRound":"FALSE"},
{"game":12,"round":15,"environment":"random","blockType":"melon","soloRound":"TRUE","envFile":"random.4.csv","time_limit":120,"trainingRound":"FALSE"},
{"game":12,"round":16,"environment":"random","blockType":"melon","soloRound":"TRUE","envFile":"random.20.csv","time_limit":120,"trainingRound":"FALSE"},
{"game":12,"round":17,"environment":"random","blockType":"melon","soloRound":"TRUE","envFile":"random.14.csv","time_limit":120,"trainingRound":"FALSE"},
{"game":12,"round":18,"environment":"random","blockType":"melon","soloRound":"TRUE","envFile":"random.18.csv","time_limit":120,"trainingRound":"FALSE"}]}
