{"metaData":[{"smoothBlockType":"pumpkin","language":"En"}],"roundData":[
{"game":13,"round":1,"environment":"random","blockType":"melon","soloRound":"TRUE","envFile":"random.11.csv","time_limit":120,"trainingRound":"TRUE"},
{"game":13,"round":2,"environment":"smooth","blockType":"pumpkin","soloRound":"TRUE","envFile":"smooth.9.csv","time_limit":120,"trainingRound":"TRUE"},
{"game":13,"round":3,"environment":"random","blockType":"melon","soloRound":"TRUE","envFile":"random.19.csv","time_limit":120,"trainingRound":"FALSE"},
{"game":13,"round":4,"environment":"random","blockType":"melon","soloRound":"TRUE","envFile":"random.17.csv","time_limit":120,"trainingRound":"FALSE"},
{"game":13,"round":5,"environment":"random","blockType":"melon","soloRound":"TRUE","envFile":"random.14.csv","time_limit":120,"trainingRound":"FALSE"},
{"game":13,"round":6,"environment":"random","blockType":"melon","soloRound":"TRUE","envFile":"random.13.csv","time_limit":120,"trainingRound":"FALSE"},
{"game":13,"round":7,"environment":"random","blockType":"melon","soloRound":"FALSE","envFile":"random.10.csv","time_limit":120,"trainingRound":"FALSE"},
{"game":13,"round":8,"environment":"random","blockType":"melon","soloRound":"FALSE","envFile":"random.20.csv","time_limit":120,"trainingRound":"FALSE"},
{"game":13,"round":9,"environment":"random","blockType":"melon","soloRound":"FALSE","envFile":"random.4.csv","time_limit":120,"trainingRound":"FALSE"},
{"game":13,"round":10,"environment":"random","blockType":"melon","soloRound":"FALSE","envFile":"random.15.csv","time_limit":120,"trainingRound":"FALSE"},
{"game":13,"round":11,"environment":"smooth","blockType":"pumpkin","soloRound":"TRUE","envFile":"smooth.17.csv","time_limit":120,"trainingRound":"FALSE"},
{"game":13,"round":12,"environment":"smooth","blockType":"pumpkin","soloRound":"TRUE","envFile":"smooth.2.csv","time_limit":120,"trainingRound":"FALSE"},
{"game":13,"round":13,"environment":"smooth","blockType":"pumpkin","soloRound":"TRUE","envFile":"smooth.3.csv","time_limit":120,"trainingRound":"FALSE"},
{"game":13,"round":14,"environment":"smooth","blockType":"pumpkin","soloRound":"TRUE","envFile":"smooth.1.csv","time_limit":120,"trainingRound":"FALSE"},
{"game":13,"round":15,"environment":"smooth","blockType":"pumpkin","soloRound":"FALSE","envFile":"smooth.13.csv","time_limit":120,"trainingRound":"FALSE"},
{"game":13,"round":16,"environment":"smooth","blockType":"pumpkin","soloRound":"FALSE","envFile":"smooth.4.csv","time_limit":120,"trainingRound":"FALSE"},
{"game":13,"round":17,"environment":"smooth","blockType":"pumpkin","soloRound":"FALSE","envFile":"smooth.18.csv","time_limit":120,"trainingRound":"FALSE"},
{"game":13,"round":18,"environment":"smooth","blockType":"pumpkin","soloRound":"FALSE","envFile":"smooth.20.csv","time_limit":120,"trainingRound":"FALSE"}]}
