{"metaData":[{"smoothBlockType":"melon","language":"En"}],"roundData":[
{"game":3,"round":1,"environment":"random","blockType":"pumpkin","soloRound":"TRUE","envFile":"random.18.csv","time_limit":120,"trainingRound":"TRUE"},
{"game":3,"round":2,"environment":"smooth","blockType":"melon","soloRound":"TRUE","envFile":"smooth.9.csv","time_limit":120,"trainingRound":"TRUE"},
{"game":3,"round":3,"environment":"random","blockType":"pumpkin","soloRound":"FALSE","envFile":"random.8.csv","time_limit":120,"trainingRound":"FALSE"},
{"game":3,"round":4,"environment":"random","blockType":"pumpkin","soloRound":"FALSE","envFile":"random.20.csv","time_limit":120,"trainingRound":"FALSE"},
{"game":3,"round":5,"environment":"random","blockType":"pumpkin","soloRound":"FALSE","envFile":"random.2.csv","time_limit":120,"trainingRound":"FALSE"},
{"game":3,"round":6,"environment":"random","blockType":"pumpkin","soloRound":"FALSE","envFile":"random.16.csv","time_limit":120,"trainingRound":"FALSE"},
{"game":3,"round":7,"environment":"smooth","blockType":"melon","soloRound":"FALSE","envFile":"smooth.3.csv","time_limit":120,"trainingRound":"FALSE"},
{"game":3,"round":8,"environment":"smooth","blockType":"melon","soloRound":"FALSE","envFile":"smooth.2.csv","time_limit":120,"trainingRound":"FALSE"},
{"game":3,"round":9,"environment":"smooth","blockType":"melon","soloRound":"FALSE","envFile":"smooth.5.csv","time_limit":120,"trainingRound":"FALSE"},
{"game":3,"round":10,"environment":"smooth","blockType":"melon","soloRound":"FALSE","envFile":"smooth.4.csv","time_limit":120,"trainingRound":"FALSE"},
{"game":3,"round":11,"environment":"random","blockType":"pumpkin","soloRound":"TRUE","envFile":"random.1.csv","time_limit":120,"trainingRound":"FALSE"},
{"game":3,"round":12,"environment":"random","blockType":"pumpkin","soloRound":"TRUE","envFile":"random.9.csv","time_limit":120,"trainingRound":"FALSE"},
{"game":3,"round":13,"environment":"random","blockType":"pumpkin","soloRound":"TRUE","envFile":"random.6.csv","time_limit":120,"trainingRound":"FALSE"},
{"game":3,"round":14,"environment":"random","blockType":"pumpkin","soloRound":"TRUE","envFile":"random.3.csv","time_limit":120,"trainingRound":"FALSE"},
{"game":3,"round":15,"environment":"smooth","blockType":"melon","soloRound":"TRUE","envFile":"smooth.16.csv","time_limit":120,"trainingRound":"FALSE"},
{"game":3,"round":16,"environment":"smooth","blockType":"melon","soloRound":"TRUE","envFile":"smooth.14.csv","time_limit":120,"trainingRound":"FALSE"},
{"game":3,"round":17,"environment":"smooth","blockType":"melon","soloRound":"TRUE","envFile":"smooth.19.csv","time_limit":120,"trainingRound":"FALSE"},
{"game":3,"round":18,"environment":"smooth","blockType":"melon","soloRound":"TRUE","envFile":"smooth.10.csv","time_limit":120,"trainingRound":"FALSE"}]}
