{"metaData":[{"smoothBlockType":"melon","language":"Ge"}],"roundData":[
{"game":11,"round":1,"environment":"random","blockType":"pumpkin","soloRound":"TRUE","envFile":"random.9.csv","time_limit":120,"trainingRound":"TRUE"},
{"game":11,"round":2,"environment":"smooth","blockType":"melon","soloRound":"TRUE","envFile":"smooth.9.csv","time_limit":120,"trainingRound":"TRUE"},
{"game":11,"round":3,"environment":"random","blockType":"pumpkin","soloRound":"FALSE","envFile":"random.13.csv","time_limit":120,"trainingRound":"FALSE"},
{"game":11,"round":4,"environment":"random","blockType":"pumpkin","soloRound":"FALSE","envFile":"random.3.csv","time_limit":120,"trainingRound":"FALSE"},
{"game":11,"round":5,"environment":"random","blockType":"pumpkin","soloRound":"FALSE","envFile":"random.5.csv","time_limit":120,"trainingRound":"FALSE"},
{"game":11,"round":6,"environment":"random","blockType":"pumpkin","soloRound":"FALSE","envFile":"random.15.csv","time_limit":120,"trainingRound":"FALSE"},
{"game":11,"round":7,"environment":"smooth","blockType":"melon","soloRound":"FALSE","envFile":"smooth.20.csv","time_limit":120,"trainingRound":"FALSE"},
{"game":11,"round":8,"environment":"smooth","blockType":"melon","soloRound":"FALSE","envFile":"smooth.16.csv","time_limit":120,"trainingRound":"FALSE"},
{"game":11,"round":9,"environment":"smooth","blockType":"melon","soloRound":"FALSE","envFile":"smooth.12.csv","time_limit":120,"trainingRound":"FALSE"},
{"game":11,"round":10,"environment":"smooth","blockType":"melon","soloRound":"FALSE","envFile":"smooth.2.csv","time_limit":120,"trainingRound":"FALSE"},
{"game":11,"round":11,"environment":"random","blockType":"pumpkin","soloRound":"TRUE","envFile":"random.8.csv","time_limit":120,"trainingRound":"FALSE"},
{"game":11,"round":12,"environment":"random","blockType":"pumpkin","soloRound":"TRUE","envFile":"random.16.csv","time_limit":120,"trainingRound":"FALSE"},
{"game":11,"round":13,"environment":"random","blockType":"pumpkin","soloRound":"TRUE","envFile":"random.11.csv","time_limit":120,"trainingRound":"FALSE"},
{"game":11,"round":14,"environment":"random","blockType":"pumpkin","soloRound":"TRUE","envFile":"random.20.csv","time_limit":120,"trainingRound":"FALSE"},
{"game":11,"round":15,"environment":"smooth","blockType":"melon","soloRound":"TRUE","envFile":"smooth.8.csv","time_limit":120,"trainingRound":"FALSE"},
{"game":11,"round":16,"environment":"smooth","blockType":"melon","soloRound":"TRUE","envFile":"smooth.11.csv","time_limit":120,"trainingRound":"FALSE"},
{"game":11,"round":17,"environment":"smooth","blockType":"melon","soloRound":"TRUE","envFile":"smooth.17.csv","time_limit":120,"trainingRound":"FALSE"},
{"game":11,"round":18,"environment":"smooth","blockType":"melon","soloRound":"TRUE","envFile":"smooth.19.csv","time_limit":120,"trainingRound":"FALSE"}]}
