{"metaData":[{"smoothBlockType":"pumpkin","language":"En"}],"roundData":[
{"game":10,"round":1,"environment":"smooth","blockType":"pumpkin","soloRound":"TRUE","envFile":"smooth.11.csv","time_limit":120,"trainingRound":"TRUE"},
{"game":10,"round":2,"environment":"random","blockType":"melon","soloRound":"TRUE","envFile":"random.10.csv","time_limit":120,"trainingRound":"TRUE"},
{"game":10,"round":3,"environment":"smooth","blockType":"pumpkin","soloRound":"TRUE","envFile":"smooth.6.csv","time_limit":120,"trainingRound":"FALSE"},
{"game":10,"round":4,"environment":"smooth","blockType":"pumpkin","soloRound":"TRUE","envFile":"smooth.2.csv","time_limit":120,"trainingRound":"FALSE"},
{"game":10,"round":5,"environment":"smooth","blockType":"pumpkin","soloRound":"TRUE","envFile":"smooth.14.csv","time_limit":120,"trainingRound":"FALSE"},
{"game":10,"round":6,"environment":"smooth","blockType":"pumpkin","soloRound":"TRUE","envFile":"smooth.19.csv","time_limit":120,"trainingRound":"FALSE"},
{"game":10,"round":7,"environment":"random","blockType":"melon","soloRound":"TRUE","envFile":"random.1.csv","time_limit":120,"trainingRound":"FALSE"},
{"game":10,"round":8,"environment":"random","blockType":"melon","soloRound":"TRUE","envFile":"random.13.csv","time_limit":120,"trainingRound":"FALSE"},
{"game":10,"round":9,"environment":"random","blockType":"melon","soloRound":"TRUE","envFile":"random.19.csv","time_limit":120,"trainingRound":"FALSE"},
{"game":10,"round":10,"environment":"random","blockType":"melon","soloRound":"TRUE","envFile":"random.11.csv","time_limit":120,"trainingRound":"FALSE"},
{"game":10,"round":11,"environment":"smooth","blockType":"pumpkin","soloRound":"FALSE","envFile":"smooth.17.csv","time_limit":120,"trainingRound":"FALSE"},
{"game":10,"round":12,"environment":"smooth","blockType":"pumpkin","soloRound":"FALSE","envFile":"smooth.20.csv","time_limit":120,"trainingRound":"FALSE"},
{"game":10,"round":13,"environment":"smooth","blockType":"pumpkin","soloRound":"FALSE","envFile":"smooth.12.csv","time_limit":120,"trainingRound":"FALSE"},
{"game":10,"round":14,"environment":"smooth","blockType":"pumpkin","soloRound":"FALSE","envFile":"smooth.4.csv","time_limit":120,"trainingRound":"FALSE"},
{"game":10,"round":15,"environment":"random","blockType":"melon","soloRound":"FALSE","envFile":"random.6.csv","time_limit":120,"trainingRound":"FALSE"},
{"game":10,"round":16,"environment":"random","blockType":"melon","soloRound":"FALSE","envFile":"random.17.csv","time_limit":120,"trainingRound":"FALSE"},
{"game":10,"round":17,"environment":"random","blockType":"melon","soloRound":"FALSE","envFile":"random.9.csv","time_limit":120,"trainingRound":"FALSE"},
{"game":10,"round":18,"environment":"random","blockType":"melon","soloRound":"FALSE","envFile":"random.15.csv","time_limit":120,"trainingRound":"FALSE"}]}
