{"metaData":[{"smoothBlockType":"melon","language":"En"}],"roundData":[
{"game":14,"round":1,"environment":"smooth","blockType":"melon","soloRound":"TRUE","envFile":"smooth.1.csv","time_limit":120,"trainingRound":"TRUE"},
{"game":14,"round":2,"environment":"random","blockType":"pumpkin","soloRound":"TRUE","envFile":"random.16.csv","time_limit":120,"trainingRound":"TRUE"},
{"game":14,"round":3,"environment":"smooth","blockType":"melon","soloRound":"TRUE","envFile":"smooth.12.csv","time_limit":120,"trainingRound":"FALSE"},
{"game":14,"round":4,"environment":"smooth","blockType":"melon","soloRound":"TRUE","envFile":"smooth.18.csv","time_limit":120,"trainingRound":"FALSE"},
{"game":14,"round":5,"environment":"smooth","blockType":"melon","soloRound":"TRUE","envFile":"smooth.2.csv","time_limit":120,"trainingRound":"FALSE"},
{"game":14,"round":6,"environment":"smooth","blockType":"melon","soloRound":"TRUE","envFile":"smooth.4.csv","time_limit":120,"trainingRound":"FALSE"},
{"game":14,"round":7,"environment":"random","blockType":"pumpkin","soloRound":"TRUE","envFile":"random.18.csv","time_limit":120,"trainingRound":"FALSE"},
{"game":14,"round":8,"environment":"random","blockType":"pumpkin","soloRound":"TRUE","envFile":"random.2.csv","time_limit":120,"trainingRound":"FALSE"},
{"game":14,"round":9,"environment":"random","blockType":"pumpkin","soloRound":"TRUE","envFile":"random.12.csv","time_limit":120,"trainingRound":"FALSE"},
{"game":14,"round":10,"environment":"random","blockType":"pumpkin","soloRound":"TRUE","envFile":"random.6.csv","time_limit":120,"trainingRound":"FALSE"},
{"game":14,"round":11,"environment":"smooth","blockType":"melon","soloRound":"FALSE","envFile":"smooth.7.csv","time_limit":120,"trainingRound":"FALSE"},
{"game":14,"round":12,"environment":"smooth","blockType":"melon","soloRound":"FALSE","envFile":"smooth.13.csv","time_limit":120,"trainingRound":"FALSE"},
{"game":14,"round":13,"environment":"smooth","blockType":"melon","soloRound":"FALSE","envFile":"smooth.11.csv","time_limit":120,"trainingRound":"FALSE"},
{"game":14,"round":14,"environment":"smooth","blockType":"melon","soloRound":"FALSE","envFile":"smooth.16.csv","time_limit":120,"trainingRound":"FALSE"},
{"game":14,"round":15,"environment":"random","blockType":"pumpkin","soloRound":"FALSE","envFile":"random.17.csv","time_limit":120,"trainingRound":"FALSE"},
{"game":14,"round":16,"environment":"random","blockType":"pumpkin","soloRound":"FALSE","envFile":"random.19.csv","time_limit":120,"trainingRound":"FALSE"},
{"game":14,"round":17,"environment":"random","blockType":"pumpkin","soloRound":"FALSE","envFile":"random.4.csv","time_limit":120,"trainingRound":"FALSE"},
{"game":14,"round":18,"environment":"random","blockType":"pumpkin","soloRound":"FALSE","envFile":"random.11.csv","time_limit":120,"trainingRound":"FALSE"}]}
