{"metaData":[{"smoothBlockType":"melon","language":"Ge"}],"roundData":[
{"game":6,"round":1,"environment":"smooth","blockType":"melon","soloRound":"TRUE","envFile":"smooth.18.csv","time_limit":120,"trainingRound":"TRUE"},
{"game":6,"round":2,"environment":"random","blockType":"pumpkin","soloRound":"TRUE","envFile":"random.7.csv","time_limit":120,"trainingRound":"TRUE"},
{"game":6,"round":3,"environment":"smooth","blockType":"melon","soloRound":"TRUE","envFile":"smooth.15.csv","time_limit":120,"trainingRound":"FALSE"},
{"game":6,"round":4,"environment":"smooth","blockType":"melon","soloRound":"TRUE","envFile":"smooth.6.csv","time_limit":120,"trainingRound":"FALSE"},
{"game":6,"round":5,"environment":"smooth","blockType":"melon","soloRound":"TRUE","envFile":"smooth.13.csv","time_limit":120,"trainingRound":"FALSE"},
{"game":6,"round":6,"environment":"smooth","blockType":"melon","soloRound":"TRUE","envFile":"smooth.9.csv","time_limit":120,"trainingRound":"FALSE"},
{"game":6,"round":7,"environment":"random","blockType":"pumpkin","soloRound":"TRUE","envFile":"random.20.csv","time_limit":120,"trainingRound":"FALSE"},
{"game":6,"round":8,"environment":"random","blockType":"pumpkin","soloRound":"TRUE","envFile":"random.13.csv","time_limit":120,"trainingRound":"FALSE"},
{"game":6,"round":9,"environment":"random","blockType":"pumpkin","soloRound":"TRUE","envFile":"random.2.csv","time_limit":120,"trainingRound":"FALSE"},
{"game":6,"round":10,"environment":"random","blockType":"pumpkin","soloRound":"TRUE","envFile":"random.14.csv","time_limit":120,"trainingRound":"FALSE"},
{"game":6,"round":11,"environment":"smooth","blockType":"melon","soloRound":"FALSE","envFile":"smooth.3.csv","time_limit":120,"trainingRound":"FALSE"},
{"game":6,"round":12,"environment":"smooth","blockType":"melon","soloRound":"FALSE","envFile":"smooth.5.csv","time_limit":120,"trainingRound":"FALSE"},
{"game":6,"round":13,"environment":"smooth","blockType":"melon","soloRound":"FALSE","envFile":"smooth.1.csv","time_limit":120,"trainingRound":"FALSE"},
{"game":6,"round":14,"environment":"smooth","blockType":"melon","soloRound":"FALSE","envFile":"smooth.10.csv","time_limit":120,"trainingRound":"FALSE"},
{"game":6,"round":15,"environment":"random","blockType":"pumpkin","soloRound":"FALSE","envFile":"random.5.csv","time_limit":120,"trainingRound":"FALSE"},
{"game":6,"round":16,"environment":"random","blockType":"pumpkin","soloRound":"FALSE","envFile":"random.19.csv","time_limit":120,"trainingRound":"FALSE"},
{"game":6,"round":17,"environment":"random","blockType":"pumpkin","soloRound":"FALSE","envFile":"random.11.csv","time_limit":120,"trainingRound":"FALSE"},
{"game":6,"round":18,"environment":"random","blockType":"pumpkin","soloRound":"FALSE","envFile":"random.12.csv","time_limit":120,"trainingRound":"FALSE"}]}
