{"metaData":[{"smoothBlockType":"melon","language":"Ge"}],"roundData":[
{"game":16,"round":1,"environment":"smooth","blockType":"melon","soloRound":"TRUE","envFile":"smooth.17.csv","time_limit":120,"trainingRound":"TRUE"},
{"game":16,"round":2,"environment":"random","blockType":"pumpkin","soloRound":"TRUE","envFile":"random.11.csv","time_limit":120,"trainingRound":"TRUE"},
{"game":16,"round":3,"environment":"smooth","blockType":"melon","soloRound":"FALSE","envFile":"smooth.8.csv","time_limit":120,"trainingRound":"FALSE"},
{"game":16,"round":4,"environment":"smooth","blockType":"melon","soloRound":"FALSE","envFile":"smooth.9.csv","time_limit":120,"trainingRound":"FALSE"},
{"game":16,"round":5,"environment":"smooth","blockType":"melon","soloRound":"FALSE","envFile":"smooth.1.csv","time_limit":120,"trainingRound":"FALSE"},
{"game":16,"round":6,"environment":"smooth","blockType":"melon","soloRound":"FALSE","envFile":"smooth.11.csv","time_limit":120,"trainingRound":"FALSE"},
{"game":16,"round":7,"environment":"random","blockType":"pumpkin","soloRound":"FALSE","envFile":"random.15.csv","time_limit":120,"trainingRound":"FALSE"},
{"game":16,"round":8,"environment":"random","blockType":"pumpkin","soloRound":"FALSE","envFile":"random.7.csv","time_limit":120,"trainingRound":"FALSE"},
{"game":16,"round":9,"environment":"random","blockType":"pumpkin","soloRound":"FALSE","envFile":"random.20.csv","time_limit":120,"trainingRound":"FALSE"},
{"game":16,"round":10,"environment":"random","blockType":"pumpkin","soloRound":"FALSE","envFile":"random.3.csv","time_limit":120,"trainingRound":"FALSE"},
{"game":16,"round":11,"environment":"smooth","blockType":"melon","soloRound":"TRUE","envFile":"smooth.13.csv","time_limit":120,"trainingRound":"FALSE"},
{"game":16,"round":12,"environment":"smooth","blockType":"melon","soloRound":"TRUE","envFile":"smooth.3.csv","time_limit":120,"trainingRound":"FALSE"},
{"game":16,"round":13,"environment":"smooth","blockType":"melon","soloRound":"TRUE","envFile":"smooth.15.csv","time_limit":120,"trainingRound":"FALSE"},
{"game":16,"round":14,"environment":"smooth","blockType":"melon","soloRound":"TRUE","envFile":"smooth.12.csv","time_limit":120,"trainingRound":"FALSE"},
{"game":16,"round":15,"environment":"random","blockType":"pumpkin","soloRound":"TRUE","envFile":"random.18.csv","time_limit":120,"trainingRound":"FALSE"},
{"game":16,"round":16,"environment":"random","blockType":"pumpkin","soloRound":"TRUE","envFile":"random.13.csv","time_limit":120,"trainingRound":"FALSE"},
{"game":16,"round":17,"environment":"random","blockType":"pumpkin","soloRound":"TRUE","envFile":"random.16.csv","time_limit":120,"trainingRound":"FALSE"},
{"game":16,"round":18,"environment":"random","blockType":"pumpkin","soloRound":"TRUE","envFile":"random.10.csv","time_limit":120,"trainingRound":"FALSE"}]}
