id;separate;env_type;blocktype;environment;time_limit
1;A;RO;pumpkin;random.15;120
2;A;SM;melon;smooth.2;120
3;A;SM;melon;smooth.8;120
4;A;RO;pumpkin;random.11;120
5;S;SM;melon;smooth.16;120
6;S;RO;pumpkin;random.13;120
7;S;SM;melon;smooth.17;120
8;S;RO;pumpkin;random.12;120
9;A;SM;melon;smooth.18;120
10;A;RO;pumpkin;random.9;120
11;A;SM;melon;smooth.5;120
12;A;RO;pumpkin;random.7;120
13;S;RO;pumpkin;random.19;120
14;S;SM;melon;0;120
15;S;SM;melon;smooth.15;120
16;S;RO;pumpkin;random.10;120
