id;separate;env_type;blocktype;environment;time_limit
1;S;SM;pumpkin;smooth.16;120
2;S;SM;pumpkin;smooth.12;120
3;S;RO;melon;random.14;120
4;S;RO;melon;random.12;120
5;A;RO;melon;random.15;120
6;A;SM;pumpkin;smooth.13;120
7;A;RO;melon;random.2;120
8;A;SM;pumpkin;smooth.6;120
9;S;RO;melon;random.1;120
10;S;SM;pumpkin;smooth.2;120
11;S;RO;melon;random.8;120
12;S;SM;pumpkin;smooth.17;120
13;A;RO;melon;0;120
14;A;SM;pumpkin;smooth.10;120
15;A;RO;melon;7;120
16;A;SM;pumpkin;smooth.14;120
