{"metaData":[{"smoothBlockType":"pumpkin","language":"En"}],"roundData":[{"game":4,"round":1,"environment":"smooth","blockType":"pumpkin","soloRound":"TRUE","envFile":"smooth.3.csv","time_limit":30,"trainingRound":"TRUE"},{"game":4,"round":2,"environment":"random","blockType":"melon","soloRound":"TRUE","envFile":"random.2.csv","time_limit":30,"trainingRound":"TRUE"},{"game":4,"round":3,"environment":"smooth","blockType":"pumpkin","soloRound":"FALSE","envFile":"smooth.4.csv","time_limit":120,"trainingRound":"FALSE"},{"game":4,"round":4,"environment":"smooth","blockType":"pumpkin","soloRound":"FALSE","envFile":"smooth.16.csv","time_limit":120,"trainingRound":"FALSE"},{"game":4,"round":5,"environment":"smooth","blockType":"pumpkin","soloRound":"FALSE","envFile":"smooth.5.csv","time_limit":120,"trainingRound":"FALSE"},{"game":4,"round":6,"environment":"smooth","blockType":"pumpkin","soloRound":"FALSE","envFile":"smooth.15.csv","time_limit":120,"trainingRound":"FALSE"},{"game":4,"round":7,"environment":"random","blockType":"melon","soloRound":"FALSE","envFile":"random.18.csv","time_limit":120,"trainingRound":"FALSE"},{"game":4,"round":8,"environment":"random","blockType":"melon","soloRound":"FALSE","envFile":"random.1.csv","time_limit":120,"trainingRound":"FALSE"},{"game":4,"round":9,"environment":"random","blockType":"melon","soloRound":"FALSE","envFile":"random.12.csv","time_limit":120,"trainingRound":"FALSE"},{"game":4,"round":10,"environment":"random","blockType":"melon","soloRound":"FALSE","envFile":"random.15.csv","time_limit":120,"trainingRound":"FALSE"},{"game":4,"round":11,"environment":"smooth","blockType":"pumpkin","soloRound":"TRUE","envFile":"smooth.13.csv","time_limit":120,"trainingRound":"FALSE"},{"game":4,"round":12,"environment":"smooth","blockType":"pumpkin","soloRound":"TRUE","envFile":"smooth.6.csv","time_limit":120,"trainingRound":"FALSE"},{"game":4,"round":13,"environment":"smooth","blockType":"pumpkin","soloRound":"TRUE","envFile":"smooth.20.csv","time_limit":120,"trainingRound":"FALSE"},{"game":4,"round":14,"environment":"smooth","blockType":"pumpkin","soloRound":"TRUE","envFile":"smooth.8.csv","time_limit":120,"trainingRound":"FALSE"},{"game":4,"round":15,"environment":"random","blockType":"melon","soloRound":"TRUE","envFile":"random.9.csv","time_limit":120,"trainingRound":"FALSE"},{"game":4,"round":16,"environment":"random","blockType":"melon","soloRound":"TRUE","envFile":"random.8.csv","time_limit":120,"trainingRound":"FALSE"},{"game":4,"round":17,"environment":"random","blockType":"melon","soloRound":"TRUE","envFile":"random.3.csv","time_limit":120,"trainingRound":"FALSE"},{"game":4,"round":18,"environment":"random","blockType":"melon","soloRound":"TRUE","envFile":"random.19.csv","time_limit":120,"trainingRound":"FALSE"}]}
