{"metaData":[{"smoothBlockType":"melon","language":"En"}],"roundData":[
{"game":1,"round":1,"environment":"random","blockType":"pumpkin","soloRound":"TRUE","envFile":"random.4.csv","time_limit":10,"trainingRound":"TRUE"},
{"game":1,"round":2,"environment":"smooth","blockType":"melon","soloRound":"TRUE","envFile":"smooth.20.csv","time_limit":10,"trainingRound":"TRUE"},
{"game":1,"round":3,"environment":"random","blockType":"pumpkin","soloRound":"TRUE","envFile":"random.1.csv","time_limit":20,"trainingRound":"FALSE"},
{"game":1,"round":4,"environment":"random","blockType":"pumpkin","soloRound":"TRUE","envFile":"random.7.csv","time_limit":20,"trainingRound":"FALSE"},
{"game":1,"round":5,"environment":"random","blockType":"pumpkin","soloRound":"TRUE","envFile":"random.12.csv","time_limit":20,"trainingRound":"FALSE"},
{"game":1,"round":6,"environment":"random","blockType":"pumpkin","soloRound":"TRUE","envFile":"random.13.csv","time_limit":20,"trainingRound":"FALSE"},
{"game":1,"round":7,"environment":"smooth","blockType":"melon","soloRound":"TRUE","envFile":"smooth.2.csv","time_limit":20,"trainingRound":"FALSE"},
{"game":1,"round":8,"environment":"smooth","blockType":"melon","soloRound":"TRUE","envFile":"smooth.18.csv","time_limit":20,"trainingRound":"FALSE"},
{"game":1,"round":9,"environment":"smooth","blockType":"melon","soloRound":"TRUE","envFile":"smooth.7.csv","time_limit":20,"trainingRound":"FALSE"},
{"game":1,"round":10,"environment":"smooth","blockType":"melon","soloRound":"TRUE","envFile":"smooth.14.csv","time_limit":20,"trainingRound":"FALSE"},
{"game":1,"round":11,"environment":"random","blockType":"pumpkin","soloRound":"FALSE","envFile":"random.15.csv","time_limit":20,"trainingRound":"FALSE"},
{"game":1,"round":12,"environment":"random","blockType":"pumpkin","soloRound":"FALSE","envFile":"random.19.csv","time_limit":20,"trainingRound":"FALSE"},
{"game":1,"round":13,"environment":"random","blockType":"pumpkin","soloRound":"FALSE","envFile":"random.9.csv","time_limit":20,"trainingRound":"FALSE"},
{"game":1,"round":14,"environment":"random","blockType":"pumpkin","soloRound":"FALSE","envFile":"random.2.csv","time_limit":20,"trainingRound":"FALSE"},
{"game":1,"round":15,"environment":"smooth","blockType":"melon","soloRound":"FALSE","envFile":"smooth.9.csv","time_limit":20,"trainingRound":"FALSE"},
{"game":1,"round":16,"environment":"smooth","blockType":"melon","soloRound":"FALSE","envFile":"smooth.5.csv","time_limit":20,"trainingRound":"FALSE"},
{"game":1,"round":17,"environment":"smooth","blockType":"melon","soloRound":"FALSE","envFile":"smooth.11.csv","time_limit":20,"trainingRound":"FALSE"},
{"game":1,"round":18,"environment":"smooth","blockType":"melon","soloRound":"FALSE","envFile":"smooth.4.csv","time_limit":20,"trainingRound":"FALSE"}]}
