{"metaData":[{"smoothBlockType":"pumpkin","language":"En"}],"roundData":[{"game":13,"round":1,"environment":"random","blockType":"melon","soloRound":"TRUE","envFile":"random.20.csv","time_limit":30,"trainingRound":"TRUE"},{"game":13,"round":2,"environment":"smooth","blockType":"pumpkin","soloRound":"TRUE","envFile":"smooth.10.csv","time_limit":30,"trainingRound":"TRUE"},{"game":13,"round":3,"environment":"random","blockType":"melon","soloRound":"TRUE","envFile":"random.18.csv","time_limit":120,"trainingRound":"FALSE"},{"game":13,"round":4,"environment":"random","blockType":"melon","soloRound":"TRUE","envFile":"random.4.csv","time_limit":120,"trainingRound":"FALSE"},{"game":13,"round":5,"environment":"random","blockType":"melon","soloRound":"TRUE","envFile":"random.1.csv","time_limit":120,"trainingRound":"FALSE"},{"game":13,"round":6,"environment":"random","blockType":"melon","soloRound":"TRUE","envFile":"random.8.csv","time_limit":120,"trainingRound":"FALSE"},{"game":13,"round":7,"environment":"smooth","blockType":"pumpkin","soloRound":"TRUE","envFile":"smooth.18.csv","time_limit":120,"trainingRound":"FALSE"},{"game":13,"round":8,"environment":"smooth","blockType":"pumpkin","soloRound":"TRUE","envFile":"smooth.13.csv","time_limit":120,"trainingRound":"FALSE"},{"game":13,"round":9,"environment":"smooth","blockType":"pumpkin","soloRound":"TRUE","envFile":"smooth.19.csv","time_limit":120,"trainingRound":"FALSE"},{"game":13,"round":10,"environment":"smooth","blockType":"pumpkin","soloRound":"TRUE","envFile":"smooth.14.csv","time_limit":120,"trainingRound":"FALSE"},{"game":13,"round":11,"environment":"random","blockType":"melon","soloRound":"FALSE","envFile":"random.19.csv","time_limit":120,"trainingRound":"FALSE"},{"game":13,"round":12,"environment":"random","blockType":"melon","soloRound":"FALSE","envFile":"random.11.csv","time_limit":120,"trainingRound":"FALSE"},{"game":13,"round":13,"environment":"random","blockType":"melon","soloRound":"FALSE","envFile":"random.16.csv","time_limit":120,"trainingRound":"FALSE"},{"game":13,"round":14,"environment":"random","blockType":"melon","soloRound":"FALSE","envFile":"random.2.csv","time_limit":120,"trainingRound":"FALSE"},{"game":13,"round":15,"environment":"smooth","blockType":"pumpkin","soloRound":"FALSE","envFile":"smooth.5.csv","time_limit":120,"trainingRound":"FALSE"},{"game":13,"round":16,"environment":"smooth","blockType":"pumpkin","soloRound":"FALSE","envFile":"smooth.1.csv","time_limit":120,"trainingRound":"FALSE"},{"game":13,"round":17,"environment":"smooth","blockType":"pumpkin","soloRound":"FALSE","envFile":"smooth.9.csv","time_limit":120,"trainingRound":"FALSE"},{"game":13,"round":18,"environment":"smooth","blockType":"pumpkin","soloRound":"FALSE","envFile":"smooth.20.csv","time_limit":120,"trainingRound":"FALSE"}]}
