{"metaData":[{"smoothBlockType":"pumpkin","language":"Ge"}],"roundData":[
{"game":2,"round":1,"environment":"smooth","blockType":"pumpkin","soloRound":"TRUE","envFile":"smooth.18.csv","time_limit":3,"trainingRound":"TRUE"},
{"game":2,"round":2,"environment":"random","blockType":"melon","soloRound":"TRUE","envFile":"random.5.csv","time_limit":3,"trainingRound":"TRUE"},
{"game":2,"round":3,"environment":"smooth","blockType":"pumpkin","soloRound":"TRUE","envFile":"smooth.19.csv","time_limit":3,"trainingRound":"FALSE"},
{"game":2,"round":4,"environment":"smooth","blockType":"pumpkin","soloRound":"TRUE","envFile":"smooth.20.csv","time_limit":3,"trainingRound":"FALSE"},
{"game":2,"round":5,"environment":"smooth","blockType":"pumpkin","soloRound":"TRUE","envFile":"smooth.2.csv","time_limit":3,"trainingRound":"FALSE"},
{"game":2,"round":6,"environment":"smooth","blockType":"pumpkin","soloRound":"TRUE","envFile":"smooth.15.csv","time_limit":3,"trainingRound":"FALSE"},
{"game":2,"round":7,"environment":"random","blockType":"melon","soloRound":"TRUE","envFile":"random.1.csv","time_limit":3,"trainingRound":"FALSE"},
{"game":2,"round":8,"environment":"random","blockType":"melon","soloRound":"TRUE","envFile":"random.17.csv","time_limit":3,"trainingRound":"FALSE"},
{"game":2,"round":9,"environment":"random","blockType":"melon","soloRound":"TRUE","envFile":"random.7.csv","time_limit":3,"trainingRound":"FALSE"},
{"game":2,"round":10,"environment":"random","blockType":"melon","soloRound":"TRUE","envFile":"random.4.csv","time_limit":3,"trainingRound":"FALSE"},
{"game":2,"round":11,"environment":"smooth","blockType":"pumpkin","soloRound":"FALSE","envFile":"smooth.8.csv","time_limit":3,"trainingRound":"FALSE"},
{"game":2,"round":12,"environment":"smooth","blockType":"pumpkin","soloRound":"FALSE","envFile":"smooth.13.csv","time_limit":3,"trainingRound":"FALSE"},
{"game":2,"round":13,"environment":"smooth","blockType":"pumpkin","soloRound":"FALSE","envFile":"smooth.3.csv","time_limit":3,"trainingRound":"FALSE"},
{"game":2,"round":14,"environment":"smooth","blockType":"pumpkin","soloRound":"FALSE","envFile":"smooth.12.csv","time_limit":3,"trainingRound":"FALSE"},
{"game":2,"round":15,"environment":"random","blockType":"melon","soloRound":"FALSE","envFile":"random.15.csv","time_limit":3,"trainingRound":"FALSE"},
{"game":2,"round":16,"environment":"random","blockType":"melon","soloRound":"FALSE","envFile":"random.14.csv","time_limit":3,"trainingRound":"FALSE"},
{"game":2,"round":17,"environment":"random","blockType":"melon","soloRound":"FALSE","envFile":"random.8.csv","time_limit":3,"trainingRound":"FALSE"},
{"game":2,"round":18,"environment":"random","blockType":"melon","soloRound":"FALSE","envFile":"random.11.csv","time_limit":3,"trainingRound":"FALSE"}]}
