{"metaData":[{"smoothBlockType":"melon","language":"En"}],"roundData":[
{"game":9,"round":1,"environment":"random","blockType":"pumpkin","soloRound":"TRUE","envFile":"random.14.csv","time_limit":120,"trainingRound":"TRUE"},
{"game":9,"round":2,"environment":"smooth","blockType":"melon","soloRound":"TRUE","envFile":"smooth.4.csv","time_limit":120,"trainingRound":"TRUE"},
{"game":9,"round":3,"environment":"random","blockType":"pumpkin","soloRound":"TRUE","envFile":"random.2.csv","time_limit":120,"trainingRound":"FALSE"},
{"game":9,"round":4,"environment":"random","blockType":"pumpkin","soloRound":"TRUE","envFile":"random.16.csv","time_limit":120,"trainingRound":"FALSE"},
{"game":9,"round":5,"environment":"random","blockType":"pumpkin","soloRound":"TRUE","envFile":"random.9.csv","time_limit":120,"trainingRound":"FALSE"},
{"game":9,"round":6,"environment":"random","blockType":"pumpkin","soloRound":"TRUE","envFile":"random.15.csv","time_limit":120,"trainingRound":"FALSE"},
{"game":9,"round":7,"environment":"random","blockType":"pumpkin","soloRound":"FALSE","envFile":"random.11.csv","time_limit":120,"trainingRound":"FALSE"},
{"game":9,"round":8,"environment":"random","blockType":"pumpkin","soloRound":"FALSE","envFile":"random.19.csv","time_limit":120,"trainingRound":"FALSE"},
{"game":9,"round":9,"environment":"random","blockType":"pumpkin","soloRound":"FALSE","envFile":"random.8.csv","time_limit":120,"trainingRound":"FALSE"},
{"game":9,"round":10,"environment":"random","blockType":"pumpkin","soloRound":"FALSE","envFile":"random.13.csv","time_limit":120,"trainingRound":"FALSE"},
{"game":9,"round":11,"environment":"smooth","blockType":"melon","soloRound":"TRUE","envFile":"smooth.20.csv","time_limit":120,"trainingRound":"FALSE"},
{"game":9,"round":12,"environment":"smooth","blockType":"melon","soloRound":"TRUE","envFile":"smooth.13.csv","time_limit":120,"trainingRound":"FALSE"},
{"game":9,"round":13,"environment":"smooth","blockType":"melon","soloRound":"TRUE","envFile":"smooth.10.csv","time_limit":120,"trainingRound":"FALSE"},
{"game":9,"round":14,"environment":"smooth","blockType":"melon","soloRound":"TRUE","envFile":"smooth.6.csv","time_limit":120,"trainingRound":"FALSE"},
{"game":9,"round":15,"environment":"smooth","blockType":"melon","soloRound":"FALSE","envFile":"smooth.2.csv","time_limit":120,"trainingRound":"FALSE"},
{"game":9,"round":16,"environment":"smooth","blockType":"melon","soloRound":"FALSE","envFile":"smooth.18.csv","time_limit":120,"trainingRound":"FALSE"},
{"game":9,"round":17,"environment":"smooth","blockType":"melon","soloRound":"FALSE","envFile":"smooth.11.csv","time_limit":120,"trainingRound":"FALSE"},
{"game":9,"round":18,"environment":"smooth","blockType":"melon","soloRound":"FALSE","envFile":"smooth.19.csv","time_limit":120,"trainingRound":"FALSE"}]}
