{"metaData":[{"smoothBlockType":"pumpkin","language":"En"}],"roundData":[
{"game":10,"round":1,"environment":"smooth","blockType":"pumpkin","soloRound":"TRUE","envFile":"smooth.12.csv","time_limit":120,"trainingRound":"TRUE"},
{"game":10,"round":2,"environment":"random","blockType":"melon","soloRound":"TRUE","envFile":"random.19.csv","time_limit":120,"trainingRound":"TRUE"},
{"game":10,"round":3,"environment":"smooth","blockType":"pumpkin","soloRound":"TRUE","envFile":"smooth.4.csv","time_limit":120,"trainingRound":"FALSE"},
{"game":10,"round":4,"environment":"smooth","blockType":"pumpkin","soloRound":"TRUE","envFile":"smooth.18.csv","time_limit":120,"trainingRound":"FALSE"},
{"game":10,"round":5,"environment":"smooth","blockType":"pumpkin","soloRound":"TRUE","envFile":"smooth.3.csv","time_limit":120,"trainingRound":"FALSE"},
{"game":10,"round":6,"environment":"smooth","blockType":"pumpkin","soloRound":"TRUE","envFile":"smooth.9.csv","time_limit":120,"trainingRound":"FALSE"},
{"game":10,"round":7,"environment":"smooth","blockType":"pumpkin","soloRound":"FALSE","envFile":"smooth.8.csv","time_limit":120,"trainingRound":"FALSE"},
{"game":10,"round":8,"environment":"smooth","blockType":"pumpkin","soloRound":"FALSE","envFile":"smooth.6.csv","time_limit":120,"trainingRound":"FALSE"},
{"game":10,"round":9,"environment":"smooth","blockType":"pumpkin","soloRound":"FALSE","envFile":"smooth.16.csv","time_limit":120,"trainingRound":"FALSE"},
{"game":10,"round":10,"environment":"smooth","blockType":"pumpkin","soloRound":"FALSE","envFile":"smooth.15.csv","time_limit":120,"trainingRound":"FALSE"},
{"game":10,"round":11,"environment":"random","blockType":"melon","soloRound":"TRUE","envFile":"random.8.csv","time_limit":120,"trainingRound":"FALSE"},
{"game":10,"round":12,"environment":"random","blockType":"melon","soloRound":"TRUE","envFile":"random.4.csv","time_limit":120,"trainingRound":"FALSE"},
{"game":10,"round":13,"environment":"random","blockType":"melon","soloRound":"TRUE","envFile":"random.2.csv","time_limit":120,"trainingRound":"FALSE"},
{"game":10,"round":14,"environment":"random","blockType":"melon","soloRound":"TRUE","envFile":"random.13.csv","time_limit":120,"trainingRound":"FALSE"},
{"game":10,"round":15,"environment":"random","blockType":"melon","soloRound":"FALSE","envFile":"random.11.csv","time_limit":120,"trainingRound":"FALSE"},
{"game":10,"round":16,"environment":"random","blockType":"melon","soloRound":"FALSE","envFile":"random.5.csv","time_limit":120,"trainingRound":"FALSE"},
{"game":10,"round":17,"environment":"random","blockType":"melon","soloRound":"FALSE","envFile":"random.20.csv","time_limit":120,"trainingRound":"FALSE"},
{"game":10,"round":18,"environment":"random","blockType":"melon","soloRound":"FALSE","envFile":"random.12.csv","time_limit":120,"trainingRound":"FALSE"}]}
