Time;PlayerName;P1;P2;P3;P4
0;MPIB4;0;0;0;0
0;MPIB3;0;0;0;0
0;MPIB2;0;0;0;0
0;MPIB1;0;0.2518808;0;0
0.05;MPIB4;0;0;0;0
0.05;MPIB3;0;0;0;0
0.05;MPIB2;0;0;0;0
0.05;MPIB1;0;0.2518808;0;0
0.1;MPIB4;0;0;0;0
0.1;MPIB3;0;0;0;0
0.1;MPIB2;0;0;0;0
0.1;MPIB1;0;0.2518808;0;0
0.15;MPIB4;0;0;0;0
0.15;MPIB3;0;0;0;0
0.15;MPIB2;0;0;0;0
0.15;MPIB1;0;0.2471547;0;0
0.2;MPIB4;0;0;0;0
0.2;MPIB3;0;0;0;0
0.2;MPIB2;0;0;0;0
0.2;MPIB1;0;0.2471547;0;0
0.25;MPIB4;0;0;0;0
0.25;MPIB3;0;0;0;0
0.25;MPIB2;0;0;0;0
0.25;MPIB1;0;0.2471547;0;0
0.3;MPIB4;0;0;0;0
0.3;MPIB3;0;0;0;0
0.3;MPIB2;0;0;0;0
0.3;MPIB1;0;0.2471547;0;0
0.35;MPIB4;0;0;0;0
0.35;MPIB3;0;0;0;0
0.35;MPIB2;0;0;0;0
0.35;MPIB1;0;0.2471547;0;0
0.4;MPIB4;0;0;0;0
0.4;MPIB3;0;0;0;0
0.4;MPIB2;0;0;0;0
0.4;MPIB1;0;0.2471547;0;0
0.45;MPIB4;0;0;0;0
0.45;MPIB3;0;0;0;0
0.45;MPIB2;0;0;0;0
0.45;MPIB1;0;0.2471547;0;0
0.5;MPIB4;0;0;0;0
0.5;MPIB3;0;0;0;0
0.5;MPIB2;0;0;0;0
0.5;MPIB1;0;0.2471547;0;0
0.55;MPIB4;0;0;0;0
0.55;MPIB3;0;0;0;0
0.55;MPIB2;0;0;0;0
0.55;MPIB1;0;0.2471547;0;0
0.6;MPIB4;0;0;0;0
0.6;MPIB3;0;0;0;0
0.6;MPIB2;0;0;0;0
0.6;MPIB1;0;0.2471547;0;0
0.65;MPIB4;0;0;0;0
0.65;MPIB3;0;0;0;0
0.65;MPIB2;0;0;0;0
0.65;MPIB1;0;0.2471547;0;0
0.7;MPIB4;0;0;0;0
0.7;MPIB3;0;0;0;0
0.7;MPIB2;0;0;0;0
0.7;MPIB1;0;0.2563175;0;0
0.75;MPIB4;0;0;0;0
0.75;MPIB3;0;0;0;0
0.75;MPIB2;0;0;0;0
0.75;MPIB1;0;0.2880498;0;0
0.8;MPIB4;0;0;0;0
0.8;MPIB3;0;0;0;0
0.8;MPIB2;0;0;0;0
0.8;MPIB1;0;0.2561728;0;0
0.85;MPIB4;0;0;0;0
0.85;MPIB3;0;0;0;0
0.85;MPIB2;0.003134645;0;0;0
0.85;MPIB1;0;0.1440008;0;0
0.9;MPIB4;0;0;0;0
0.9;MPIB3;0;0;0;0
0.9;MPIB2;0.08410494;0;0;0
0.9;MPIB1;0;0.08468364;0;0
0.95;MPIB4;0;0;0;0
0.95;MPIB3;0;0;0;0
0.95;MPIB2;0.06322338;0;0;0
0.95;MPIB1;0;0.1304495;0;0
1;MPIB4;0;0;0;0
1;MPIB3;0;0;0;0
1;MPIB2;0.001929012;0;0;0
1;MPIB1;0;0;0;0
1.05;MPIB4;0;0;0;0
1.05;MPIB3;0;0;0;0
1.05;MPIB2;0;0;0;0
1.05;MPIB1;0;0;0;0
1.1;MPIB4;0;0;0;0
1.1;MPIB3;0;0;0;0
1.1;MPIB2;0;0;0;0
1.1;MPIB1;0;0;0;0
1.15;MPIB4;0;0;0;0
1.15;MPIB3;0;0;0;0
1.15;MPIB2;0;0;0;0
1.15;MPIB1;0;0;0;0
1.2;MPIB4;0;0;0;0
1.2;MPIB3;0;0;0;0
1.2;MPIB2;0;0;0;0
1.2;MPIB1;0;0;0;0
1.25;MPIB4;0;0;0;0
1.25;MPIB3;0;0;0;0
1.25;MPIB2;0;0;0;0
1.25;MPIB1;0;0;0;0
1.3;MPIB4;0;0;0;0
1.3;MPIB3;0;0;0;0
1.3;MPIB2;0;0;0;0
1.3;MPIB1;0;0;0;0
1.35;MPIB4;0;0;0;0
1.35;MPIB3;0;0;0;0
1.35;MPIB2;0;0;0;0
1.35;MPIB1;0;0;0;0
1.4;MPIB4;0;0;0;0
1.4;MPIB3;0;0;0;0
1.4;MPIB2;0;0;0;0
1.4;MPIB1;0;0;0;0
1.45;MPIB4;0;0;0;0
1.45;MPIB3;0;0;0;0
1.45;MPIB2;0;0;0;0
1.45;MPIB1;0;0;0;0
1.5;MPIB4;0;0;0;0
1.5;MPIB3;0;0;0;0
1.5;MPIB2;0;0;0;0
1.5;MPIB1;0;0;0;0
1.55;MPIB4;0;0;0;0
1.55;MPIB3;0;0;0;0
1.55;MPIB2;0;0;0;0
1.55;MPIB1;0;0;0;0
1.6;MPIB4;0;0;0;0
1.6;MPIB3;0;0;0;0
1.6;MPIB2;0.01480517;0;0;0
1.6;MPIB1;0;0.03192515;0;0
1.65;MPIB4;0;0;0;0
1.65;MPIB3;0;0;0;0
1.65;MPIB2;0;0;0;0
1.65;MPIB1;0;0.04750193;0;0
1.7;MPIB4;0;0;0;0
1.7;MPIB3;0;0;0;0
1.7;MPIB2;0;0;0;0
1.7;MPIB1;0;0.02213542;0;0
1.75;MPIB4;0;0;0;0
1.75;MPIB3;0;0;0;0
1.75;MPIB2;0;0;0;0
1.75;MPIB1;0;0.01644483;0;0
1.8;MPIB4;0;0;0;0
1.8;MPIB3;0;0;0;0
1.8;MPIB2;0;0;0;0
1.8;MPIB1;0;0.01306906;0;0
1.85;MPIB4;0;0;0;0
1.85;MPIB3;0;0;0;0
1.85;MPIB2;0;0;0;0
1.85;MPIB1;0;0.03795332;0;0
1.9;MPIB4;0;0;0;0
1.9;MPIB3;0;0;0;0
1.9;MPIB2;0;0;0;0
1.9;MPIB1;0;0.04282407;0;0
1.95;MPIB4;0;0;0;0
1.95;MPIB3;0;0;0;0
1.95;MPIB2;0;0;0;0
1.95;MPIB1;0;0.02927276;0;0
2;MPIB4;0;0;0;0
2;MPIB3;0;0;0;0
2;MPIB2;0;0;0;0
2;MPIB1;0;0.01687886;0;0
2.05;MPIB4;0;0;0;0
2.05;MPIB3;0;0;0;0
2.05;MPIB2;0;0;0;0
2.05;MPIB1;0;0.01099537;0;0
2.1;MPIB4;0;0;0;0
2.1;MPIB3;0;0;0;0
2.1;MPIB2;0.05073303;0;0;0
2.1;MPIB1;0;0.01533565;0;0
2.15;MPIB4;0;0;0;0
2.15;MPIB3;0;0;0;0
2.15;MPIB2;0.166956;0;0;0
2.15;MPIB1;0;0;0;0
2.2;MPIB4;0;0;0;0
2.2;MPIB3;0;0;0;0
2.2;MPIB2;0.1754919;0;0;0
2.2;MPIB1;0;0;0;0
2.25;MPIB4;0;0;0;0
2.25;MPIB3;0;0;0;0
2.25;MPIB2;0.1762635;0;0;0
2.25;MPIB1;0;0;0;0
2.3;MPIB4;0;0;0;0
2.3;MPIB3;0;0;0;0
2.3;MPIB2;0.1773245;0;0;0
2.3;MPIB1;0;0;0;0
2.35;MPIB4;0;0;0;0
2.35;MPIB3;0;0;0;0
2.35;MPIB2;0.1946373;0;0;0.0003858025
2.35;MPIB1;0;0;0;0
2.4;MPIB4;0;0;0;0
2.4;MPIB3;0;0;0;0
2.4;MPIB2;0.2046682;0;0;0.0002893519
2.4;MPIB1;0;0;0;0
2.45;MPIB4;0;0;0;0
2.45;MPIB3;0;0;0;0
2.45;MPIB2;0.2205826;0;0;0
2.45;MPIB1;0;0;0;0
2.5;MPIB4;0;0;0;0
2.5;MPIB3;0;0;0;0
2.5;MPIB2;0.3150559;0;0;0.0002411265
2.5;MPIB1;0;0;0;0
2.55;MPIB4;0;0;0;0
2.55;MPIB3;0;0;0;0
2.55;MPIB2;0.4078897;0;0;0.0002893519
2.55;MPIB1;0;0;0;0
2.6;MPIB4;0;0;0;0
2.6;MPIB3;0;0;0;0
2.6;MPIB2;0.4652778;0;0;0.0002411265
2.6;MPIB1;0;0;0;0
2.65;MPIB4;0;0;0;0
2.65;MPIB3;0;0;0;0
2.65;MPIB2;0.3242188;0;0;0.0003375772
2.65;MPIB1;0;0;0;0
2.7;MPIB4;0;0;0;0
2.7;MPIB3;0;0;0;0
2.7;MPIB2;0.1004533;0;0;0.0003858025
2.7;MPIB1;0;0;0;0
2.75;MPIB4;0;0;0;0
2.75;MPIB3;0;0;0;0
2.75;MPIB2;0;0;0;0
2.75;MPIB1;0;0;0;0
2.8;MPIB4;0;0;0;0
2.8;MPIB3;0;0;0;0
2.8;MPIB2;0;0;0;0
2.8;MPIB1;0;0;0;0
2.85;MPIB4;0;0;0;0
2.85;MPIB3;0;0;0;0
2.85;MPIB2;0;0;0;0
2.85;MPIB1;0;0;0;0
2.9;MPIB4;0;0;0;0
2.9;MPIB3;0;0;0;0
2.9;MPIB2;0;0;0;0
2.9;MPIB1;0;0;0;0
2.95;MPIB4;0;0;0;0
2.95;MPIB3;0;0;0;0
2.95;MPIB2;0;0;0;0
2.95;MPIB1;0;0;0;0
3;MPIB4;0;0;0;0
3;MPIB3;0;0;0;0
3;MPIB2;0;0;0;0
3;MPIB1;0;0;0;0
3.05;MPIB4;0;0;0;0
3.05;MPIB3;0;0;0;0
3.05;MPIB2;0;0;0;0
3.05;MPIB1;0;0;0;0
3.1;MPIB4;0;0;0;0
3.1;MPIB3;0;0;0;0
3.1;MPIB2;0;0;0;0
3.1;MPIB1;0;0;0;0
3.15;MPIB4;0;0;0;0
3.15;MPIB3;0;0;0;0
3.15;MPIB2;0;0;0;0
3.15;MPIB1;0;0;0;0
3.2;MPIB4;0;0;0;0
3.2;MPIB3;0;0;0;0
3.2;MPIB2;0;0;0;0
3.2;MPIB1;0;0;0;0
3.25;MPIB4;0;0;0;0
3.25;MPIB3;0;0;0;0
3.25;MPIB2;0;0;0;0
3.25;MPIB1;0;0;0;0
3.3;MPIB4;0;0;0;0
3.3;MPIB3;0;0;0;0
3.3;MPIB2;0;0;0;0
3.3;MPIB1;0;0;0;0
3.35;MPIB4;0;0;0;0
3.35;MPIB3;0;0;0;0
3.35;MPIB2;0;0;0;0
3.35;MPIB1;0;0;0;0
3.4;MPIB4;0;0;0;0
3.4;MPIB3;0;0;0;0
3.4;MPIB2;0;0;0;0
3.4;MPIB1;0;0;0;0
3.45;MPIB4;0;0;0;0
3.45;MPIB3;0;0;0;0
3.45;MPIB2;0;0;0;0
3.45;MPIB1;0;0;0;0
3.5;MPIB4;0;0;0;0
3.5;MPIB3;0;0;0;0
3.5;MPIB2;0;0;0;0
3.5;MPIB1;0;0;0;0
3.55;MPIB4;0;0;0;0
3.55;MPIB3;0;0;0;0
3.55;MPIB2;0;0;0;0
3.55;MPIB1;0;0;0;0
3.6;MPIB4;0;0;0;0
3.6;MPIB3;0;0;0;0
3.6;MPIB2;0;0;0;0
3.6;MPIB1;0;0;0;0
3.65;MPIB4;0;0;0;0
3.65;MPIB3;0;0;0;0
3.65;MPIB2;0;0;0;0
3.65;MPIB1;0;0;0;0
3.7;MPIB4;0;0;0;0
3.7;MPIB3;0;0;0;0
3.7;MPIB2;0;0;0;0
3.7;MPIB1;0;0;0;0
3.75;MPIB4;0;0;0;0
3.75;MPIB3;0;0;0;0
3.75;MPIB2;0;0;0;0
3.75;MPIB1;0;0;0;0
3.8;MPIB4;0;0;0;0
3.8;MPIB3;0;0;0;0
3.8;MPIB2;0;0;0;0
3.8;MPIB1;0;0;0;0
3.85;MPIB4;0;0;0;0
3.85;MPIB3;0;0;0;0
3.85;MPIB2;0;0;0;0
3.85;MPIB1;0;0;0;0
3.9;MPIB4;0;0;0;0
3.9;MPIB3;0;0;0;0
3.9;MPIB2;0;0;0;0
3.9;MPIB1;0;0.0316358;0;0
3.95;MPIB4;0;0;0;0
3.95;MPIB3;0;0;0;0
3.95;MPIB2;0;0;0;0
3.95;MPIB1;0;0.01311728;0;0
4;MPIB4;0;0;0;0
4;MPIB3;0;0;0;0
4;MPIB2;0;0;0;0
4;MPIB1;0;0;0;0
4.05;MPIB4;0;0;0;0
4.05;MPIB3;0;0;0;0
4.05;MPIB2;0;0;0;0
4.05;MPIB1;0;0;0;0
4.1;MPIB4;0;0;0;0
4.1;MPIB3;0;0;0;0
4.1;MPIB2;0;0;0;0
4.1;MPIB1;0;0;0;0
4.15;MPIB4;0;0;0;0
4.15;MPIB3;0;0;0;0
4.15;MPIB2;0;0;0;0
4.15;MPIB1;0;0;0;0
4.2;MPIB4;0;0;0;0
4.2;MPIB3;0;0;0;0
4.2;MPIB2;0;0;0;0
4.2;MPIB1;0;0;0;0
4.25;MPIB4;0;0;0;0
4.25;MPIB3;0;0;0;0
4.25;MPIB2;0;0;0;0
4.25;MPIB1;0;0;0;0
4.3;MPIB4;0;0;0;0
4.3;MPIB3;0;0;0;0
4.3;MPIB2;0;0;0;0
4.3;MPIB1;0;0;0;0
4.35;MPIB4;0;0;0;0
4.35;MPIB3;0;0;0;0
4.35;MPIB2;0;0;0;0
4.35;MPIB1;0;0;0;0
4.4;MPIB4;0;0;0;0
4.4;MPIB3;0;0;0;0
4.4;MPIB2;0;0;0;0
4.4;MPIB1;0;0;0;0
4.45;MPIB4;0;0;0;0
4.45;MPIB3;0;0;0;0
4.45;MPIB2;0;0;0;0
4.45;MPIB1;0;0;0;0
4.5;MPIB4;0;0;0;0
4.5;MPIB3;0;0;0;0
4.5;MPIB2;0;0;0;0
4.5;MPIB1;0;0;0;0
4.55;MPIB4;0;0;0;0
4.55;MPIB3;0;0;0;0
4.55;MPIB2;0;0;0;0
4.55;MPIB1;0;0;0;0
4.6;MPIB4;0;0;0;0
4.6;MPIB3;0;0;0;0
4.6;MPIB2;0;0;0;0
4.6;MPIB1;0;0;0;0
4.65;MPIB4;0;0;0;0
4.65;MPIB3;0;0;0;0
4.65;MPIB2;0;0;0;0
4.65;MPIB1;0;0;0;0
4.7;MPIB4;0;0;0;0
4.7;MPIB3;0;0;0;0
4.7;MPIB2;0;0;0;0
4.7;MPIB1;0;0;0;0
4.75;MPIB4;0;0;0;0
4.75;MPIB3;0;0;0;0
4.75;MPIB2;0;0;0;0
4.75;MPIB1;0;0;0;0
4.8;MPIB4;0;0;0;0
4.8;MPIB3;0;0;0;0
4.8;MPIB2;0;0;0;0
4.8;MPIB1;0;0;0;0
4.85;MPIB4;0;0;0;0
4.85;MPIB3;0;0;0;0
4.85;MPIB2;0;0;0;0
4.85;MPIB1;0;0;0;0
4.9;MPIB4;0;0;0;0
4.9;MPIB3;0;0;0;0
4.9;MPIB2;0;0;0;0
4.9;MPIB1;0;0;0;0
4.95;MPIB4;0;0;0;0
4.95;MPIB3;0;0;0;0
4.95;MPIB2;0;0;0;0
4.95;MPIB1;0;0;0;0
5;MPIB4;0;0;0;0
5;MPIB3;0;0;0;0
5;MPIB2;0;0;0;0
5;MPIB1;0;0;0;0
5.05;MPIB4;0;0;0;0
5.05;MPIB3;0;0;0;0
5.05;MPIB2;0;0;0;0
5.05;MPIB1;0;0;0;0
5.1;MPIB4;0;0;0;0
5.1;MPIB3;0;0;0;0
5.1;MPIB2;0;0;0;0
5.1;MPIB1;0;0;0;0
5.15;MPIB4;0;0;0;0
5.15;MPIB3;0;0;0;0
5.15;MPIB2;0;0;0;0
5.15;MPIB1;0;0;0;0
5.2;MPIB4;0;0;0;0
5.2;MPIB3;0;0;0;0
5.2;MPIB2;0;0;0;0
5.2;MPIB1;0;0;0;0
5.25;MPIB4;0;0;0;0
5.25;MPIB3;0;0;0;0
5.25;MPIB2;0;0;0;0
5.25;MPIB1;0;0;0;0
5.3;MPIB4;0;0;0;0
5.3;MPIB3;0;0;0;0
5.3;MPIB2;0;0;0;0
5.3;MPIB1;0;0;0;0
5.35;MPIB4;0;0;0;0
5.35;MPIB3;0;0;0;0
5.35;MPIB2;0;0;0;0
5.35;MPIB1;0;0;0;0
5.4;MPIB4;0;0;0;0
5.4;MPIB3;0;0;0;0
5.4;MPIB2;0;0;0;0
5.4;MPIB1;0;0;0;0
5.45;MPIB4;0;0;0;0
5.45;MPIB3;0;0;0;0
5.45;MPIB2;0;0;0;0
5.45;MPIB1;0;0;0;0
5.5;MPIB4;0;0;0;0
5.5;MPIB3;0;0;0;0
5.5;MPIB2;0;0;0;0
5.5;MPIB1;0;0;0;0
5.55;MPIB4;0.0001446759;0;0;0
5.55;MPIB3;0;0;0;0
5.55;MPIB2;0;0;0;0
5.55;MPIB1;0;0;0;0
5.6;MPIB4;0.0001929012;0.0001446759;0;0
5.6;MPIB3;0;0;0;0
5.6;MPIB2;0;0;0;0
5.6;MPIB1;0;0;0;0
5.65;MPIB4;0.0001929012;4.822531E-05;0;0
5.65;MPIB3;0;0;0;0
5.65;MPIB2;0;0;0;0
5.65;MPIB1;0;0;0;0
5.7;MPIB4;0.0001929012;0.0002411265;0;0
5.7;MPIB3;0;0;0;0
5.7;MPIB2;0;0;0;0
5.7;MPIB1;0;0;0;0
5.75;MPIB4;0.0001929012;0.0001929012;0;0
5.75;MPIB3;0;0;0;0
5.75;MPIB2;0;0;0;0
5.75;MPIB1;0;0;0;0
5.8;MPIB4;4.822531E-05;0.0002893519;0;0
5.8;MPIB3;0;0;0;0
5.8;MPIB2;0;0;0;0
5.8;MPIB1;0;0;0;0
5.85;MPIB4;0.0001929012;0.0003375772;0;0
5.85;MPIB3;0;0;0;0
5.85;MPIB2;0;0;0;0
5.85;MPIB1;0;0;0;0
5.9;MPIB4;9.645062E-05;0.0002893519;0;0
5.9;MPIB3;0;0;0;0
5.9;MPIB2;0;0;0;0
5.9;MPIB1;0;0;0;0
5.95;MPIB4;4.822531E-05;0.0003375772;0;0
5.95;MPIB3;0;0;0;0
5.95;MPIB2;0;0;0;0.000626929
5.95;MPIB1;0;0;0;0
6;MPIB4;4.822531E-05;0.0003858025;0;0
6;MPIB3;0;0;0;0
6;MPIB2;0;0;0;0.0002893519
6;MPIB1;0;0;0;0
6.05;MPIB4;4.822531E-05;0.0002893519;0;0
6.05;MPIB3;0;0;0;0
6.05;MPIB2;0;0;0;0.0002893519
6.05;MPIB1;0;0;0;0
6.1;MPIB4;4.822531E-05;0.0003375772;0;0
6.1;MPIB3;0;0;0;0
6.1;MPIB2;0;0;0;0.0001929012
6.1;MPIB1;0;0;0;0
6.15;MPIB4;0;0.0004822531;0;0
6.15;MPIB3;0;0;0;0
6.15;MPIB2;0;0;0;0.0003375772
6.15;MPIB1;0;0;0;0
6.2;MPIB4;0;0.0004340278;0;0
6.2;MPIB3;0;0;0;0
6.2;MPIB2;0;0;0;0.0003858025
6.2;MPIB1;0;0;0;0
6.25;MPIB4;4.822531E-05;0.0005787037;0;0
6.25;MPIB3;0;0;0;0
6.25;MPIB2;0;0;0;0.0002893519
6.25;MPIB1;0;0;0;0
6.3;MPIB4;4.822531E-05;0.0005304784;0;0
6.3;MPIB3;0;0;0;0
6.3;MPIB2;0;0;0;0.0003375772
6.3;MPIB1;0;0;0;0
6.35;MPIB4;9.645062E-05;0.0005304784;0;0
6.35;MPIB3;0;0;0;0
6.35;MPIB2;0;0;0;0.0003375772
6.35;MPIB1;0;0;0;0
6.4;MPIB4;9.645062E-05;0.0005787037;0;0
6.4;MPIB3;0;0;0;0
6.4;MPIB2;0;0;0;0.0002411265
6.4;MPIB1;0;0;0;0
6.45;MPIB4;4.822531E-05;0.0005304784;0;0
6.45;MPIB3;0;0;0;0
6.45;MPIB2;0;0;0;0.0003375772
6.45;MPIB1;0;0;0;0
6.5;MPIB4;0;0.0005304784;0;0
6.5;MPIB3;0;0;0;0
6.5;MPIB2;0;0;0;0.0001929012
6.5;MPIB1;0;0;0;0
6.55;MPIB4;4.822531E-05;0.0005304784;0;0
6.55;MPIB3;0;0;0;0
6.55;MPIB2;0;0;0;0.0002893519
6.55;MPIB1;0;0;0;0
6.6;MPIB4;0.0001446759;0.0005304784;0;0
6.6;MPIB3;0;0;0;0
6.6;MPIB2;0;0;0;9.645062E-05
6.6;MPIB1;0;0;0;0
6.65;MPIB4;0.0002893519;0.0006751543;0;0
6.65;MPIB3;0;0;0;0
6.65;MPIB2;0;0;0;0.0001929012
6.65;MPIB1;0;0;0;0
6.7;MPIB4;0.0002411265;0.0004822531;0;0
6.7;MPIB3;0;0;0;0
6.7;MPIB2;0;0;0;0.0001929012
6.7;MPIB1;0;0;0;0
6.75;MPIB4;0.0002893519;0.0005787037;0;0
6.75;MPIB3;0;0;0;0
6.75;MPIB2;0;0;0;0.0001929012
6.75;MPIB1;0;0;0;0
6.8;MPIB4;0.0002893519;0.0005304784;0;0
6.8;MPIB3;0;0;0;0
6.8;MPIB2;0;0;0;0.0001929012
6.8;MPIB1;0;0;0;0
6.85;MPIB4;0.0003375772;0.0005304784;0;0
6.85;MPIB3;0;0;0;0
6.85;MPIB2;0;0;0;0.0001929012
6.85;MPIB1;0;0;0;0
6.9;MPIB4;0.0003858025;0.0004822531;0;0
6.9;MPIB3;0;0;0;0
6.9;MPIB2;0;0;0;0.0001446759
6.9;MPIB1;0;0;0;0
6.95;MPIB4;0.0003375772;0.0004340278;0;0
6.95;MPIB3;0;0;0;0
6.95;MPIB2;0;0;0;0.0001929012
6.95;MPIB1;0;0;0;0
7;MPIB4;0.0003858025;0.0004822531;0;0
7;MPIB3;0;0;0;0
7;MPIB2;0;0;0;0.0002411265
7;MPIB1;0;0;0;0
7.05;MPIB4;0.0003375772;0.0005304784;0;0
7.05;MPIB3;0;0;0;0
7.05;MPIB2;0;0;0;0.0002893519
7.05;MPIB1;0;0;0;0
7.1;MPIB4;0.0002893519;0.0005787037;0;0
7.1;MPIB3;0;0;0;0
7.1;MPIB2;0;0;0;0.0001929012
7.1;MPIB1;0;0;0;0
7.15;MPIB4;0.0003375772;0.0005787037;0;0
7.15;MPIB3;0;0;0;0
7.15;MPIB2;0;0;0;0.0001929012
7.15;MPIB1;0;0;0;0
7.2;MPIB4;0.0003375772;0.0005787037;0;0
7.2;MPIB3;0;0;0;0
7.2;MPIB2;0;0;0;0.0001446759
7.2;MPIB1;0;0;0;0
7.25;MPIB4;0.0003375772;0.0005787037;0;0
7.25;MPIB3;0;0;0;0
7.25;MPIB2;0;0;0;9.645062E-05
7.25;MPIB1;0;0;0;0
7.3;MPIB4;0.0003375772;0.0005787037;0;0
7.3;MPIB3;0;0;0;0
7.3;MPIB2;0;0;0;0.0002893519
7.3;MPIB1;0;0;0;0
7.35;MPIB4;0.0003858025;0.0005787037;0;0
7.35;MPIB3;0;0;0;0
7.35;MPIB2;0;0;0;0.0002411265
7.35;MPIB1;0;0;0;0.0004822531
7.4;MPIB4;0.0004822531;0.0005787037;0;0
7.4;MPIB3;0;0;0;0
7.4;MPIB2;0;0;0;0.0002893519
7.4;MPIB1;0;0;0;0.0004822531
7.45;MPIB4;0.0005304784;0.0007233796;0;0
7.45;MPIB3;0;0;0;0
7.45;MPIB2;0;0;0;0.0002411265
7.45;MPIB1;0;0.008053627;0;0.0002411265
7.5;MPIB4;0.0004340278;0.0007233796;0;0
7.5;MPIB3;0;0;0;0
7.5;MPIB2;0;0;0;0.0001929012
7.5;MPIB1;0;0.01374421;0;0.0005787037
7.55;MPIB4;0.0004822531;0.0007716049;0;0
7.55;MPIB3;0;0;0;0
7.55;MPIB2;0;0;0;0.0002411265
7.55;MPIB1;0;0.01731289;0.001736111;0
7.6;MPIB4;0.0005787037;0.0007233796;0;0
7.6;MPIB3;0;0;0;0
7.6;MPIB2;0;0;0;0.0001929012
7.6;MPIB1;0;0.01789159;0.001446759;0
7.65;MPIB4;0.0004822531;0.0007233796;0;0
7.65;MPIB3;0;0;0;0
7.65;MPIB2;0;0;0;0.0002411265
7.65;MPIB1;0;0.01755401;0.0002411265;0
7.7;MPIB4;0.0005787037;0.0007233796;0;0
7.7;MPIB3;0;0;0;0
7.7;MPIB2;0;0;0;0.0002893519
7.7;MPIB1;0;0.01760224;0;0
7.75;MPIB4;0.0004822531;0.0007716049;0;0
7.75;MPIB3;0;0;0;0
7.75;MPIB2;0;0;0;0.0002411265
7.75;MPIB1;0;0.01721643;0;0
7.8;MPIB4;0.0005304784;0.0007716049;0;0
7.8;MPIB3;0;0;0;0
7.8;MPIB2;0;0;0;0.0001929012
7.8;MPIB1;0;0.01630015;0;0
7.85;MPIB4;0.0004822531;0.0007716049;0;0
7.85;MPIB3;0;0;0;0
7.85;MPIB2;0;0;0;0.0001929012
7.85;MPIB1;0;0.01538387;0;0
7.9;MPIB4;0.0004340278;0.0007716049;0;0
7.9;MPIB3;0;0;0;0
7.9;MPIB2;0;0;0;0.0002411265
7.9;MPIB1;0;0.01456404;0;0
7.95;MPIB4;0.0004340278;0.0007716049;0;0
7.95;MPIB3;0;0;0;0
7.95;MPIB2;0;0;0;0.0002411265
7.95;MPIB1;0;0.01446759;0;0
8;MPIB4;0.0004340278;0.0007716049;0;0
8;MPIB3;0;0;0;0
8;MPIB2;0;0;0;0.0002411265
8;MPIB1;0;0.01234568;0;0
8.05;MPIB4;0.0004340278;0.0007716049;0;0
8.05;MPIB3;0;0;0;0
8.05;MPIB2;0;0;0;0.0001929012
8.05;MPIB1;0;0.01369599;0;0
8.1;MPIB4;0.0004822531;0.0007716049;0;0
8.1;MPIB3;0;0;0;0
8.1;MPIB2;0;0;0;0.0002893519
8.1;MPIB1;0;0.01576968;0;0
8.15;MPIB4;0.0005304784;0.0007716049;0;0
8.15;MPIB3;0;0;0;0
8.15;MPIB2;0;0;0;0.0002893519
8.15;MPIB1;0;0.01658951;0;0
8.2;MPIB4;0.0004822531;0.0007716049;0;0
8.2;MPIB3;0;0;0;0
8.2;MPIB2;0;0;0;0.0002893519
8.2;MPIB1;0;0.01740934;0;0
8.25;MPIB4;0.0005787037;0.0007716049;0;0
8.25;MPIB3;0;0;0;0
8.25;MPIB2;0;0;0;0.0002893519
8.25;MPIB1;0;0.01615548;0;0.0005304784
8.3;MPIB4;4.822531E-05;0.0004340278;0;0
8.3;MPIB3;0;0;0;0
8.3;MPIB2;0;0;0;0
8.3;MPIB1;0;0.0154321;0;9.645062E-05
8.35;MPIB4;0.0001446759;0.0001446759;0;0
8.35;MPIB3;0;0;0;0
8.35;MPIB2;0;0;0;0
8.35;MPIB1;0;0.01586613;0;4.822531E-05
8.4;MPIB4;0;0.0003375772;0;0
8.4;MPIB3;0;0;0;0
8.4;MPIB2;0;0;0;0
8.4;MPIB1;0;0.01634838;0;9.645062E-05
8.45;MPIB4;9.645062E-05;0.0001446759;0;0
8.45;MPIB3;0;0;0;0
8.45;MPIB2;0;0;0;4.822531E-05
8.45;MPIB1;0;0.01673418;0;4.822531E-05
8.5;MPIB4;0;4.822531E-05;0;0
8.5;MPIB3;0;0;0;0
8.5;MPIB2;0;0;0;0
8.5;MPIB1;0;0.01991705;0;0
8.55;MPIB4;4.822531E-05;0;0;0
8.55;MPIB3;0;0;0;0
8.55;MPIB2;0;0;0;0
8.55;MPIB1;0;0.01977238;0;0
8.6;MPIB4;0;0.0001446759;0;0
8.6;MPIB3;0;0;0;0
8.6;MPIB2;0;0;0;0
8.6;MPIB1;0;0.01813272;0;0
8.65;MPIB4;4.822531E-05;0.0001446759;0;0
8.65;MPIB3;0;0;0;0
8.65;MPIB2;0;0;0;0
8.65;MPIB1;0;0.01494985;0;0
8.7;MPIB4;0;0;0;0
8.7;MPIB3;0;0;0;0
8.7;MPIB2;0;0;0;0
8.7;MPIB1;0;0.01046489;0;0
8.75;MPIB4;0;0;0;0
8.75;MPIB3;0;0;0;0
8.75;MPIB2;0;0;0;0
8.75;MPIB1;0;0.006076389;0;0
8.8;MPIB4;0;0;0;0
8.8;MPIB3;0;0;0;0
8.8;MPIB2;0;0;0;0
8.8;MPIB1;0;0.002411265;0;0
8.85;MPIB4;0;0;0;0
8.85;MPIB3;0;0;0;0
8.85;MPIB2;0;0;0;9.645062E-05
8.85;MPIB1;0;0.000626929;0;0
8.9;MPIB4;0;0;0;0
8.9;MPIB3;0;0;0;0
8.9;MPIB2;0;0;0;9.645062E-05
8.9;MPIB1;0;0;0;0
8.95;MPIB4;0;0;0;0
8.95;MPIB3;0;0;0;0
8.95;MPIB2;0;0;0;9.645062E-05
8.95;MPIB1;0;0;0;0
9;MPIB4;0;0;0;0
9;MPIB3;0;0;0;0
9;MPIB2;0;0;0;4.822531E-05
9;MPIB1;0;0;0;0
9.05;MPIB4;0;0;0;0
9.05;MPIB3;0;0;0;0
9.05;MPIB2;0;0;0;0.0001446759
9.05;MPIB1;0;0;0;0
9.1;MPIB4;0;0;0;0
9.1;MPIB3;0;0;0;0
9.1;MPIB2;0;0;0;9.645062E-05
9.1;MPIB1;0;0;0;0
9.15;MPIB4;0;0;0;0
9.15;MPIB3;0;0;0;0
9.15;MPIB2;0;0;0;4.822531E-05
9.15;MPIB1;0;0.0003858025;0;4.822531E-05
9.2;MPIB4;0;0;0;0
9.2;MPIB3;0;0;0;0
9.2;MPIB2;0;0;0;0.0001929012
9.2;MPIB1;0;0.00699267;0;9.645062E-05
9.25;MPIB4;0;0;0;0
9.25;MPIB3;0;0;0;0
9.25;MPIB2;0;0;0;9.645062E-05
9.25;MPIB1;0;0.01591435;0;0.0001929012
9.3;MPIB4;0;0;0;0
9.3;MPIB3;0;0;0;0
9.3;MPIB2;0;0;0;0.0001929012
9.3;MPIB1;0;0.01167052;0;4.822531E-05
9.35;MPIB4;0;0;0;0
9.35;MPIB3;0;0;0;0
9.35;MPIB2;0;0;0;9.645062E-05
9.35;MPIB1;0;0.009693287;0;4.822531E-05
9.4;MPIB4;0;0;0;0
9.4;MPIB3;0;0;0;0
9.4;MPIB2;0;0;0;9.645062E-05
9.4;MPIB1;0;0.008101852;0;9.645062E-05
9.45;MPIB4;0;0;0;0
9.45;MPIB3;0;0;0;0
9.45;MPIB2;0;0;0;9.645062E-05
9.45;MPIB1;0;0.007474923;0;0
9.5;MPIB4;0;0;0;0
9.5;MPIB3;0;0;0;0
9.5;MPIB2;0;0;0;9.645062E-05
9.5;MPIB1;0;0.006751543;0;0
9.55;MPIB4;0;0;0;0
9.55;MPIB3;0;0;0;0
9.55;MPIB2;0;0;0;9.645062E-05
9.55;MPIB1;0;0.006510417;0;4.822531E-05
9.6;MPIB4;0;0;0;0
9.6;MPIB3;0;0;0;0
9.6;MPIB2;0;0;0;4.822531E-05
9.6;MPIB1;0;0.006462191;0;9.645062E-05
9.65;MPIB4;0;0;0;0
9.65;MPIB3;0;0;0;0
9.65;MPIB2;0;0;0;9.645062E-05
9.65;MPIB1;0;0.006510417;0;9.645062E-05
9.7;MPIB4;0;0;0;0
9.7;MPIB3;0;0;0;0
9.7;MPIB2;0;0;0;9.645062E-05
9.7;MPIB1;0;0.006510417;0;9.645062E-05
9.75;MPIB4;0;0;0;0
9.75;MPIB3;0;0;0;0
9.75;MPIB2;0;0;0;0.0001446759
9.75;MPIB1;0;0.006847994;0;4.822531E-05
9.8;MPIB4;0;0;0;0
9.8;MPIB3;0;0;0;0
9.8;MPIB2;0;0;0;9.645062E-05
9.8;MPIB1;0;0.007378472;0;9.645062E-05
9.85;MPIB4;0;0;0;0
9.85;MPIB3;0;0;0;0
9.85;MPIB2;0;0;0;9.645062E-05
9.85;MPIB1;0;0.007378472;0;4.822531E-05
9.9;MPIB4;0;0;0;0
9.9;MPIB3;0;0;0;0
9.9;MPIB2;0;0;0;9.645062E-05
9.9;MPIB1;0;0.007378472;0;0.0001446759
9.95;MPIB4;0;0;0;0
9.95;MPIB3;0;0;0;0
9.95;MPIB2;0;0;0;0.0001929012
9.95;MPIB1;0;0.007474923;0;0.0001446759
10;MPIB4;0;0;0;0
10;MPIB3;0;0;0;0
10;MPIB2;0;0;0;0.0001929012
10;MPIB1;0;0.00708912;0;9.645062E-05
10.05;MPIB4;0;0;0;0
10.05;MPIB3;0;0;0;0
10.05;MPIB2;0;0;0;0.0001929012
10.05;MPIB1;0;0.006413966;0;4.822531E-05
10.1;MPIB4;0;0;0;0
10.1;MPIB3;0;0;0;0
10.1;MPIB2;0;0;0;0.0001929012
10.1;MPIB1;0;0.006028164;0;0.0001446759
10.15;MPIB4;0;0;0;0
10.15;MPIB3;0;0;0;0.0001446759
10.15;MPIB2;0;0;0;0.0002893519
10.15;MPIB1;0;0.00544946;0;0.0002411265
10.2;MPIB4;0;0;0;0
10.2;MPIB3;0;0.001687886;0;4.822531E-05
10.2;MPIB2;0;0;0;0.0003375772
10.2;MPIB1;0;0.005111883;0;9.645062E-05
10.25;MPIB4;0;0;0;0
10.25;MPIB3;0;0.001880787;0;0.0001446759
10.25;MPIB2;0;0;0;0.0003858025
10.25;MPIB1;0;0.004967207;0;0.0001929012
10.3;MPIB4;0;0;0;0
10.3;MPIB3;0;0.001832562;0;0.0001446759
10.3;MPIB2;0;0;0;0.0003375772
10.3;MPIB1;0;0.004967207;0;0.0001446759
10.35;MPIB4;0;0;0;0
10.35;MPIB3;0;0.001736111;0;0.0001446759
10.35;MPIB2;0;0;0;0.0003858025
10.35;MPIB1;0;0.004774306;0;0.0001929012
10.4;MPIB4;0;0;0;0
10.4;MPIB3;0;0.001880787;0;4.822531E-05
10.4;MPIB2;0;0;0;0.0003858025
10.4;MPIB1;0;0.004581404;0;0.0001929012
10.45;MPIB4;0;0;0;0
10.45;MPIB3;0;0.002073688;0;9.645062E-05
10.45;MPIB2;0;0;0;0.0003375772
10.45;MPIB1;0;0.004099151;0;0.0001929012
10.5;MPIB4;0;0;0;0
10.5;MPIB3;0;0;0;9.645062E-05
10.5;MPIB2;0;0;0;0.0004340278
10.5;MPIB1;0;0.002845293;0;9.645062E-05
10.55;MPIB4;0;0;0;0
10.55;MPIB3;0;0;0;0.0001929012
10.55;MPIB2;0;0;0;0.0004822531
10.55;MPIB1;0;0.002797068;0;9.645062E-05
10.6;MPIB4;0;0;0;0
10.6;MPIB3;0;0;0;0.0002893519
10.6;MPIB2;0;0;0;0.0003858025
10.6;MPIB1;0;0.002989969;0;4.822531E-05
10.65;MPIB4;0;0;0;0
10.65;MPIB3;0;0;0;0.0002893519
10.65;MPIB2;0;0;0;0.0004340278
10.65;MPIB1;0;0.002893518;0;4.822531E-05
10.7;MPIB4;0;0;0;0
10.7;MPIB3;0;0;0;0.0002411265
10.7;MPIB2;0;0;0;0.0004340278
10.7;MPIB1;0;0.00308642;0;4.822531E-05
10.75;MPIB4;0;0;0;0
10.75;MPIB3;0;0;0;0
10.75;MPIB2;0;0;0;0.0004340278
10.75;MPIB1;0;0.00308642;0;4.822531E-05
10.8;MPIB4;0;0;0;0
10.8;MPIB3;0;0;0;0
10.8;MPIB2;0;0;0;0.0004822531
10.8;MPIB1;0;0.002941744;0;4.822531E-05
10.85;MPIB4;0;0;0;0
10.85;MPIB3;0;0;0;0
10.85;MPIB2;0;0;0;0.0004340278
10.85;MPIB1;0;0.002797068;0;0.0001929012
10.9;MPIB4;0;0;0;0
10.9;MPIB3;0;0;0;0
10.9;MPIB2;0;0;0;0.0003375772
10.9;MPIB1;0;0.002652392;0;0.0001446759
10.95;MPIB4;0;0;0;0
10.95;MPIB3;0;0;0;0
10.95;MPIB2;0;0;0;0.0003858025
10.95;MPIB1;0;0.002604167;0;0.0001929012
11;MPIB4;0;0;0;0
11;MPIB3;0;0;0;0
11;MPIB2;0;0;0;0.0004340278
11;MPIB1;0;0.002652392;0;0.0001446759
11.05;MPIB4;0;0;0;0
11.05;MPIB3;0;0;0;0
11.05;MPIB2;0;0;0;0.0002411265
11.05;MPIB1;0;0.002893518;0;0.0001929012
11.1;MPIB4;0;0;0;0
11.1;MPIB3;0;0;0;0
11.1;MPIB2;0;0;0;0
11.1;MPIB1;0;0.002989969;0;0.0001929012
11.15;MPIB4;0;0;0;0
11.15;MPIB3;0;0;0;0
11.15;MPIB2;0;0;0;0
11.15;MPIB1;0;0.003327546;0;0.0001446759
11.2;MPIB4;0;0;0;0
11.2;MPIB3;0;0;0;0
11.2;MPIB2;0;0;0;0
11.2;MPIB1;0;0.003134645;0;0.0001446759
11.25;MPIB4;0;0;0;0
11.25;MPIB3;0;0;0;0
11.25;MPIB2;0;0;0;0
11.25;MPIB1;0;0.00318287;0;0.0001929012
11.3;MPIB4;0;0;0;0
11.3;MPIB3;0;0;0;0
11.3;MPIB2;0;0;0;0
11.3;MPIB1;0;0.00318287;0;0.0001929012
11.35;MPIB4;0;0;0;0
11.35;MPIB3;0;0;0;0
11.35;MPIB2;0;0;0;0
11.35;MPIB1;0;0.003279321;0;0.0001929012
11.4;MPIB4;0;0;0;0
11.4;MPIB3;0;0;0;0
11.4;MPIB2;0;0;0;0
11.4;MPIB1;0;0.003327546;0;0.0001446759
11.45;MPIB4;0;0;0;0
11.45;MPIB3;0;0;0;0
11.45;MPIB2;0;0;0;0
11.45;MPIB1;0;0.00390625;0;0.0002411265
11.5;MPIB4;0;0;0;0
11.5;MPIB3;0;0;0;0
11.5;MPIB2;0;0;0;0
11.5;MPIB1;0;0.004822531;0;0.0002411265
11.55;MPIB4;0;0;0;0
11.55;MPIB3;0;0;0;0
11.55;MPIB2;0;0;0;0.0001446759
11.55;MPIB1;0;0.00699267;0;0.0002411265
11.6;MPIB4;0;0;0;0
11.6;MPIB3;0;0;0;0
11.6;MPIB2;0;0;0;0.0001929012
11.6;MPIB1;0;0.007474923;0;0.0003375772
11.65;MPIB4;0;0;0;0
11.65;MPIB3;0;0;0;0
11.65;MPIB2;0;0;0;0.0003375772
11.65;MPIB1;0;0.007571374;0;0.0003375772
11.7;MPIB4;0;0;0;0
11.7;MPIB3;0;0;0;0
11.7;MPIB2;0;0;0;0.0003375772
11.7;MPIB1;0;0.004484954;0;0.0002893519
11.75;MPIB4;0;0;0;0
11.75;MPIB3;0;0;0;0
11.75;MPIB2;0;0;0;0.0003375772
11.75;MPIB1;0;0.004581404;0;0.0002411265
11.8;MPIB4;0;0;0;0
11.8;MPIB3;0;0;0;0
11.8;MPIB2;0;0;0;0.0003375772
11.8;MPIB1;0;0.004195602;0;0.0002411265
11.85;MPIB4;0;0;0;0
11.85;MPIB3;0;0;0;0
11.85;MPIB2;0;0;0;0.0003375772
11.85;MPIB1;0;0.004388503;0;4.822531E-05
11.9;MPIB4;0;0;0;0
11.9;MPIB3;0;0;0;0
11.9;MPIB2;0;0;0;0.0003375772
11.9;MPIB1;0;0.003809799;0;4.822531E-05
11.95;MPIB4;0;0;0;0
11.95;MPIB3;0;0;0;0
11.95;MPIB2;0;0;0;0.0003375772
11.95;MPIB1;0;0.002459491;0;0
12;MPIB4;0;0;0;0
12;MPIB3;0;0;0;0
12;MPIB2;0;0;0;0.0003375772
12;MPIB1;0;0.00226659;0;0
12.05;MPIB4;0;0;0;0
12.05;MPIB3;0;0;0;0
12.05;MPIB2;0;0;0;0.0003375772
12.05;MPIB1;0;0.001929012;0;0
12.1;MPIB4;0;0;0;0
12.1;MPIB3;0;0;0;0
12.1;MPIB2;0;0;0;0.0003375772
12.1;MPIB1;0;0.002411265;0;0
12.15;MPIB4;0;0;0;0
12.15;MPIB3;0;0;0;0
12.15;MPIB2;0;0;0;0.0003375772
12.15;MPIB1;0;0.004822531;0;0
12.2;MPIB4;0;0;0;0
12.2;MPIB3;0;0;0;0
12.2;MPIB2;0;0;0;0.0003375772
12.2;MPIB1;0;0.006847994;0;0.0002893519
12.25;MPIB4;0;0;0;0
12.25;MPIB3;0;0;0;0
12.25;MPIB2;0;0;0;0.0003375772
12.25;MPIB1;0;0.007330247;0;0.0004340278
12.3;MPIB4;0;0;0;0
12.3;MPIB3;0;0;0;0
12.3;MPIB2;0;0;0;0.0003375772
12.3;MPIB1;0;0.006944444;0;0.0001929012
12.35;MPIB4;0;0;0;0
12.35;MPIB3;0;0;0;0
12.35;MPIB2;0;0;0;0.0003375772
12.35;MPIB1;0;0.007137346;0;0.0002893519
12.4;MPIB4;0;0;0;0
12.4;MPIB3;0;0;0;0
12.4;MPIB2;0;0;0;0.0003375772
12.4;MPIB1;0;0.006944444;0;0.0001929012
12.45;MPIB4;0;0;0;0
12.45;MPIB3;0;0;0;0
12.45;MPIB2;0;0;0;0.0003375772
12.45;MPIB1;0;0.006028164;0;0.0003375772
12.5;MPIB4;0;0;0;0
12.5;MPIB3;0;0;0;0
12.5;MPIB2;0;0;0;0.0003375772
12.5;MPIB1;0;0.005111883;0;0.0002893519
12.55;MPIB4;0;0;0;0
12.55;MPIB3;0;0;0;0
12.55;MPIB2;0;0;0;0.0003375772
12.55;MPIB1;0;0.005353009;0;0.0002893519
12.6;MPIB4;0;0;0;0
12.6;MPIB3;0;0;0;0
12.6;MPIB2;0;0;0;0.0003375772
12.6;MPIB1;0;0.005256559;0;0.0002893519
12.65;MPIB4;0;0;0;0
12.65;MPIB3;0;0;0;0
12.65;MPIB2;0;0;0;0
12.65;MPIB1;0;0.00544946;0;0
12.7;MPIB4;0;0;0;0
12.7;MPIB3;0;0;0;0
12.7;MPIB2;0;0;0;4.822531E-05
12.7;MPIB1;0;0.005401235;0;0
12.75;MPIB4;0;0;0;0
12.75;MPIB3;0;0;0;0
12.75;MPIB2;0;0;0;4.822531E-05
12.75;MPIB1;0;0.006413966;0;4.822531E-05
12.8;MPIB4;0;0;0;0
12.8;MPIB3;0;0;0;0
12.8;MPIB2;0;0;0;9.645062E-05
12.8;MPIB1;0;0.006413966;0;0
12.85;MPIB4;0;0;0;0
12.85;MPIB3;0;0;0;0
12.85;MPIB2;0;0;0;4.822531E-05
12.85;MPIB1;0;0.006076389;0;0
12.9;MPIB4;0;0;0;0
12.9;MPIB3;0;0;0;0
12.9;MPIB2;0;0;0;9.645062E-05
12.9;MPIB1;0;0.006606867;0;4.822531E-05
12.95;MPIB4;0;0;0;0
12.95;MPIB3;0;0;0;0
12.95;MPIB2;0;0;0;9.645062E-05
12.95;MPIB1;0;0.006655093;0;4.822531E-05
13;MPIB4;0;0;0;0
13;MPIB3;0;0;0;0
13;MPIB2;0;0;0;0.0001929012
13;MPIB1;0;0.006606867;0;4.822531E-05
13.05;MPIB4;0;0;0;0
13.05;MPIB3;0;0;0;0
13.05;MPIB2;0;0;0;0.0001929012
13.05;MPIB1;0;0.006847994;0;9.645062E-05
13.1;MPIB4;0;0;0;0
13.1;MPIB3;0;0;0;0
13.1;MPIB2;0;0;0;0.0001929012
13.1;MPIB1;0;0.006896219;0;4.822531E-05
13.15;MPIB4;0;0;0;0
13.15;MPIB3;0;0;0;0
13.15;MPIB2;0;0;0;0.0001929012
13.15;MPIB1;0;0.007282021;0;9.645062E-05
13.2;MPIB4;0;0;0;0
13.2;MPIB3;0;0;0;0
13.2;MPIB2;0;0;0;0.0002893519
13.2;MPIB1;0;0.00699267;0;9.645062E-05
13.25;MPIB4;0;0;0;0
13.25;MPIB3;0;0;0;0
13.25;MPIB2;0;0;0;0.0003375772
13.25;MPIB1;0;0.007233796;0;9.645062E-05
13.3;MPIB4;0;0;0;0
13.3;MPIB3;0;0;0;0
13.3;MPIB2;0;0;0;0.0003375772
13.3;MPIB1;0;0.007282021;0;0.0001929012
13.35;MPIB4;0;0;0;0
13.35;MPIB3;0;0;0;0
13.35;MPIB2;0;0;0;0.0002411265
13.35;MPIB1;0;0.007040895;0;0.0002893519
13.4;MPIB4;0;0;0;0
13.4;MPIB3;0;0;0;0
13.4;MPIB2;0;0;0;0.0003375772
13.4;MPIB1;0;0.007282021;0;0.0002411265
13.45;MPIB4;0;0;0;0
13.45;MPIB3;0;0;0;0
13.45;MPIB2;0;0;0;0.0003375772
13.45;MPIB1;0;0.007426698;0;0.0002893519
13.5;MPIB4;0;0;0;0
13.5;MPIB3;0;0;0;0
13.5;MPIB2;0;0;0;0.0003375772
13.5;MPIB1;0;0.007426698;0;0.0002893519
13.55;MPIB4;0;0;0;0
13.55;MPIB3;0;0;0;0
13.55;MPIB2;0;0;0;0.0004340278
13.55;MPIB1;0;0.007378472;0;0.0002893519
13.6;MPIB4;0;0;0;0
13.6;MPIB3;0;0;0;0
13.6;MPIB2;0;0;0;0.0004340278
13.6;MPIB1;0;0.007330247;0;0.0003375772
13.65;MPIB4;0;0;0;0
13.65;MPIB3;0;0;0;0
13.65;MPIB2;0;0;0;0.0003375772
13.65;MPIB1;0;0.007185571;0;0.0003375772
13.7;MPIB4;0;0;0;0
13.7;MPIB3;0;0;0;0
13.7;MPIB2;0;0;0;0.0005304784
13.7;MPIB1;0;0.007282021;0;0.0003375772
13.75;MPIB4;0;0;0;0
13.75;MPIB3;0;0;0;0
13.75;MPIB2;0;0;0;0.0004822531
13.75;MPIB1;0;0.007233796;0;0.0003375772
13.8;MPIB4;0;0;0;0
13.8;MPIB3;0;0;0;0
13.8;MPIB2;0;0;0;0.0004340278
13.8;MPIB1;0;0.007233796;0;0.0003375772
13.85;MPIB4;0;0;0;0
13.85;MPIB3;0;0;0;0
13.85;MPIB2;0;0;0;0.0005304784
13.85;MPIB1;0;0.007185571;0;0.0003858025
13.9;MPIB4;0;0;0;0
13.9;MPIB3;0;0;0;0
13.9;MPIB2;0;0;0;0.0005787037
13.9;MPIB1;0;0.00699267;0;0.0003858025
13.95;MPIB4;0;0;0;0
13.95;MPIB3;0;0;0;0
13.95;MPIB2;0;0;0;0.0004822531
13.95;MPIB1;0;0.006896219;0;0.0003858025
14;MPIB4;0;0;0;0
14;MPIB3;0;0;0;0
14;MPIB2;0;0;0;0.0005304784
14;MPIB1;0;0.006462191;0;0.0003375772
14.05;MPIB4;0;0;0;0
14.05;MPIB3;0;0;0;0
14.05;MPIB2;0;0;0;0.0003858025
14.05;MPIB1;0;0.006510417;0;0.0003375772
14.1;MPIB4;0;0;0;0
14.1;MPIB3;0;0;0;0
14.1;MPIB2;0;0;0;0.0004340278
14.1;MPIB1;0;0.006317515;0;0.0003375772
14.15;MPIB4;0;0;0;0
14.15;MPIB3;0;0;0;0
14.15;MPIB2;0;0;0;0.0005304784
14.15;MPIB1;0;0.004774306;0;0.0003375772
14.2;MPIB4;0;0;0;0
14.2;MPIB3;0;0;0;0
14.2;MPIB2;0;0;0;0.0003858025
14.2;MPIB1;0;0.005787037;0;0.0003375772
14.25;MPIB4;0;0;0;0
14.25;MPIB3;0;0;0;0
14.25;MPIB2;0;0;0;0.0004822531
14.25;MPIB1;0;0.006076389;0;0.0003375772
14.3;MPIB4;0;0;0;0
14.3;MPIB3;0;0;0;0
14.3;MPIB2;0;0;0;0.0004340278
14.3;MPIB1;0;0.005787037;0;0.0003858025
14.35;MPIB4;0;0;0;0
14.35;MPIB3;0;0;0;0
14.35;MPIB2;0;0;0;0.0004340278
14.35;MPIB1;0;0.00554591;0;0.0003858025
14.4;MPIB4;0;0;0;0
14.4;MPIB3;0;0;0;0
14.4;MPIB2;0;0;0;0.0004822531
14.4;MPIB1;0;0.005497685;0;0.0003858025
14.45;MPIB4;0;0;0;0
14.45;MPIB3;0;0;0;0
14.45;MPIB2;0;0;0;0.0005304784
14.45;MPIB1;0;0.005401235;0;0.0003858025
14.5;MPIB4;0;0;0;0
14.5;MPIB3;0;0;0;0
14.5;MPIB2;0;0;0;0.0002411265
14.5;MPIB1;0;0.005497685;0;0.0002893519
14.55;MPIB4;0;0;0;0
14.55;MPIB3;0;0;0;0
14.55;MPIB2;0;0;0;0.0003858025
14.55;MPIB1;0;0.006751543;0;0.0002893519
14.6;MPIB4;0;0;0;0
14.6;MPIB3;0;0;0;0
14.6;MPIB2;0;0;0;0.0003858025
14.6;MPIB1;0;0;0;0.0003858025
14.65;MPIB4;0;0;0;0
14.65;MPIB3;0;0;0;0
14.65;MPIB2;0;0;0;0.0004340278
14.65;MPIB1;0;0;0;0
14.7;MPIB4;0;0;0;0
14.7;MPIB3;0;0;0;0
14.7;MPIB2;0;0;0;0.0004340278
14.7;MPIB1;0;0;0;0
14.75;MPIB4;0;0;0;0
14.75;MPIB3;0;0;0;0
14.75;MPIB2;0;0;0;0.0004822531
14.75;MPIB1;0;0;0.002941744;0
14.8;MPIB4;0;0;0;0
14.8;MPIB3;0;0;0;0
14.8;MPIB2;0;0;0;0.0005304784
14.8;MPIB1;0;0;0.004677855;0
14.85;MPIB4;0;0;0;0
14.85;MPIB3;0;0;0;0
14.85;MPIB2;0;0;0;0.0004340278
14.85;MPIB1;0;0;0.00462963;0
14.9;MPIB4;0;0;0;0
14.9;MPIB3;0;0;0;0
14.9;MPIB2;0;0;0;0.0003375772
14.9;MPIB1;0;0;0.004195602;0
14.95;MPIB4;0;0;0;0
14.95;MPIB3;0;0;0;0
14.95;MPIB2;0;0;0;0.0002893519
14.95;MPIB1;0;0;0.003520448;0
15;MPIB4;0;0;0;0
15;MPIB3;0;0;0;0
15;MPIB2;0;0;0;0.0002411265
15;MPIB1;0;0;0.002989969;0
15.05;MPIB4;0;0;0;0
15.05;MPIB3;0;0;0;0
15.05;MPIB2;0;0;0;0.0001929012
15.05;MPIB1;0;0;0.002652392;0
15.1;MPIB4;0;0;0;0
15.1;MPIB3;0;0;0;0
15.1;MPIB2;0;0;0;0.0001446759
15.1;MPIB1;0;0;0.002411265;0
15.15;MPIB4;0;0;0;0
15.15;MPIB3;0;0;0;0
15.15;MPIB2;0;0;0;0.0001446759
15.15;MPIB1;0;0;0.002073688;0
15.2;MPIB4;0;0;0;0
15.2;MPIB3;0;0;0;0
15.2;MPIB2;0;0;0;0.0001929012
15.2;MPIB1;0;0;0.002073688;0
15.25;MPIB4;0;0;0;0
15.25;MPIB3;0;0;0;0
15.25;MPIB2;0;0;0;0.0001929012
15.25;MPIB1;0;0;0.002314815;0
15.3;MPIB4;0;0;0;0
15.3;MPIB3;0;0;0;0
15.3;MPIB2;0;0;0;0.0002893519
15.3;MPIB1;0;0;0.00226659;0
15.35;MPIB4;0;0;0;0
15.35;MPIB3;0;0;0;0
15.35;MPIB2;0;0;0;0.0002411265
15.35;MPIB1;0;0;0.002555941;0
15.4;MPIB4;0;0;0;0
15.4;MPIB3;0;0;0;0
15.4;MPIB2;0;0;0;0.0002893519
15.4;MPIB1;0;0;0.002555941;0
15.45;MPIB4;0;0;0;0
15.45;MPIB3;0;0;0;0
15.45;MPIB2;0;0;0;0.0002893519
15.45;MPIB1;0;0;0.002507716;0
15.5;MPIB4;0;0;0;0
15.5;MPIB3;0;0;0;0
15.5;MPIB2;0;0;0;0.0002893519
15.5;MPIB1;0;0;0.002700617;0
15.55;MPIB4;0;0;0;0
15.55;MPIB3;0;0;0;0
15.55;MPIB2;0;0;0;0.0003375772
15.55;MPIB1;0;0;0.002700617;0
15.6;MPIB4;0;0;0;0
15.6;MPIB3;0;0;0;0
15.6;MPIB2;0;0;0;0.0003375772
15.6;MPIB1;0;0;0.002459491;0
15.65;MPIB4;0;0;0;0
15.65;MPIB3;0;0;0;0
15.65;MPIB2;0;0;0;0.0003375772
15.65;MPIB1;0;0;0.002507716;0
15.7;MPIB4;0;0;0;0
15.7;MPIB3;0;0;0;0
15.7;MPIB2;0;0;0;0.0003375772
15.7;MPIB1;0;0;0.002507716;0
15.75;MPIB4;0;0;0;0
15.75;MPIB3;0;0;0;0
15.75;MPIB2;0;0;0;0.0003375772
15.75;MPIB1;0;0;0.002507716;0
15.8;MPIB4;0;0;0;0
15.8;MPIB3;0;0;0;0
15.8;MPIB2;0;0;0;0.0003375772
15.8;MPIB1;0;0;0.002507716;0
15.85;MPIB4;0;0;0;0
15.85;MPIB3;0;0;0;0
15.85;MPIB2;0;0;0;0.0003375772
15.85;MPIB1;0;0;0.002507716;0
15.9;MPIB4;0;0;0;0
15.9;MPIB3;0;0;0;0
15.9;MPIB2;0;0;0;0.0003375772
15.9;MPIB1;0;0;0.002507716;0
15.95;MPIB4;0;0;0;0
15.95;MPIB3;0;0;0;0
15.95;MPIB2;0;0;0;0.0003375772
15.95;MPIB1;0;0;0.002507716;0
16;MPIB4;0;0;0;0
16;MPIB3;0;0;0;0
16;MPIB2;0;0;0;0.0003375772
16;MPIB1;0;0;0.002507716;0
16.05;MPIB4;0;0;0;0
16.05;MPIB3;0;0;0;0
16.05;MPIB2;0;0;0;0.0003375772
16.05;MPIB1;0;0;0.002507716;0
16.1;MPIB4;0;0;0;0
16.1;MPIB3;0;0;0;0
16.1;MPIB2;0;0;0;0.0003375772
16.1;MPIB1;0;0;0.002507716;0
16.15;MPIB4;0;0;0;0
16.15;MPIB3;0;0;0;0
16.15;MPIB2;0;0;0;0.0003375772
16.15;MPIB1;0;0;0.002507716;0
16.2;MPIB4;0;0;0;0
16.2;MPIB3;0;0;0;0
16.2;MPIB2;0;0;0;0.0003375772
16.2;MPIB1;0;0;0.002507716;0
16.25;MPIB4;0;0;0;0
16.25;MPIB3;0;0;0;0
16.25;MPIB2;0;0;0;0.0003375772
16.25;MPIB1;0;0;0.002507716;0
16.3;MPIB4;0;0;0;0
16.3;MPIB3;0;0;0;0
16.3;MPIB2;0;0;0;0.0003375772
16.3;MPIB1;0;0;0.002507716;0
16.35;MPIB4;0;0;0;0
16.35;MPIB3;0;0;0;0
16.35;MPIB2;0;0;0;0.0003375772
16.35;MPIB1;0;0;0.002507716;0
16.4;MPIB4;0;0;0;0
16.4;MPIB3;0;0;0;0
16.4;MPIB2;0;0;0;0.0003375772
16.4;MPIB1;0;0;0.002507716;0
16.45;MPIB4;0;0;0;0
16.45;MPIB3;0;0;0;0
16.45;MPIB2;0;0;0;0.0003375772
16.45;MPIB1;0;0;0.002507716;0
16.5;MPIB4;0;0;0;0
16.5;MPIB3;0;0;0;0
16.5;MPIB2;0;0;0;0.0003375772
16.5;MPIB1;0;0;0.002507716;0
16.55;MPIB4;0;0;0;0
16.55;MPIB3;0;0;0;0
16.55;MPIB2;0;0;0;0.0003375772
16.55;MPIB1;0;0;0.002507716;0
16.6;MPIB4;0;0;0;0
16.6;MPIB3;0;0;0;0
16.6;MPIB2;0;0;0;0.0003375772
16.6;MPIB1;0;0;0.002507716;0
16.65;MPIB4;0;0;0;0
16.65;MPIB3;0;0;0;0
16.65;MPIB2;0;0;0;0.0003375772
16.65;MPIB1;0;0;0.002507716;0
16.7;MPIB4;0;0;0;0
16.7;MPIB3;0;0;0;0
16.7;MPIB2;0;0;0;0.0003375772
16.7;MPIB1;0;0;0.002507716;0
16.75;MPIB4;0;0;0;0
16.75;MPIB3;0;0;0;0
16.75;MPIB2;0;0;0;0.0003375772
16.75;MPIB1;0;0;0.002507716;0
16.8;MPIB4;0;0;0;0
16.8;MPIB3;0;0;0;0
16.8;MPIB2;0;0;0;0.0003375772
16.8;MPIB1;0;0;0.002507716;0
16.85;MPIB4;0;0;0;0
16.85;MPIB3;0;0;0;0
16.85;MPIB2;0;0;0;0.0003375772
16.85;MPIB1;0;0;0.002507716;0
16.9;MPIB4;0;0;0;0
16.9;MPIB3;0;0;0;0
16.9;MPIB2;0;0;0;0.0003858025
16.9;MPIB1;0;0;0.002507716;0
16.95;MPIB4;0;0;0;0
16.95;MPIB3;0;0;0;0
16.95;MPIB2;0;0;0;0.0003858025
16.95;MPIB1;0;0;0.002507716;0
17;MPIB4;0;0;0;0
17;MPIB3;0;0;0;0
17;MPIB2;0;0;0;0.0004340278
17;MPIB1;0;0;0.002507716;0
17.05;MPIB4;0;0;0;0
17.05;MPIB3;0;0;0;0
17.05;MPIB2;0;0;0;0.0004822531
17.05;MPIB1;0;0;0.002507716;0
17.1;MPIB4;0;0;0;0
17.1;MPIB3;0;0;0;0
17.1;MPIB2;0;0;0;0.0005304784
17.1;MPIB1;0;0;0.002507716;0
17.15;MPIB4;0;0;0;0
17.15;MPIB3;0;0;0;0
17.15;MPIB2;0;0;0;0.0004822531
17.15;MPIB1;0;0;0.002507716;0
17.2;MPIB4;0;0;0;0
17.2;MPIB3;0;0;0;0
17.2;MPIB2;0;0;0;0.0004340278
17.2;MPIB1;0;0;0.002507716;0
17.25;MPIB4;0;0;0;0
17.25;MPIB3;0;0;0;0
17.25;MPIB2;0;0;0;0.0004340278
17.25;MPIB1;0;0;0.002507716;0
17.3;MPIB4;0;0;0;0
17.3;MPIB3;0;0;0;0
17.3;MPIB2;0;0;0;0.0004340278
17.3;MPIB1;0;0;0.002507716;0
17.35;MPIB4;0;0;0;0
17.35;MPIB3;0;0;0;0
17.35;MPIB2;0;0;0;0.0003858025
17.35;MPIB1;0;0;0.002507716;0
17.4;MPIB4;0;0;0;0
17.4;MPIB3;0;0;0;0
17.4;MPIB2;0;0;0;0.0004822531
17.4;MPIB1;0;0;0.002555941;0
17.45;MPIB4;0;0;0;0
17.45;MPIB3;0;0;0;0
17.45;MPIB2;0;0;0;0.0005787037
17.45;MPIB1;0;0;0.002700617;0
17.5;MPIB4;0;0;0;0
17.5;MPIB3;0;0;0;0
17.5;MPIB2;0;0;0;0.0005787037
17.5;MPIB1;0;0;0.002700617;0
17.55;MPIB4;0;0;0;0
17.55;MPIB3;0;0;0;0
17.55;MPIB2;0;0;0;0.000626929
17.55;MPIB1;0;0;0.002170139;0
17.6;MPIB4;0;0;0;0
17.6;MPIB3;0;0;0;0
17.6;MPIB2;0;0;0;0.0006751543
17.6;MPIB1;0;0;0.00154321;0
17.65;MPIB4;0;0;0;0
17.65;MPIB3;0;0;0;0
17.65;MPIB2;0;0;0;0.0005787037
17.65;MPIB1;0;0;0.001977238;0
17.7;MPIB4;0;0;0;0
17.7;MPIB3;0;0;0;0
17.7;MPIB2;0;0;0;0.0005787037
17.7;MPIB1;0;0;0.001880787;0
17.75;MPIB4;0;0;0;0
17.75;MPIB3;0;0;0;0
17.75;MPIB2;0;0;0;0.0006751543
17.75;MPIB1;0;0;0.001494985;0
17.8;MPIB4;0;0;0;0
17.8;MPIB3;0;0;0;0
17.8;MPIB2;0;0;0;0.0005787037
17.8;MPIB1;0;0;0.001591435;0
17.85;MPIB4;0;0;0;0
17.85;MPIB3;0;0;0;0
17.85;MPIB2;0;0;0;0.0005787037
17.85;MPIB1;0;0;0.001591435;0
17.9;MPIB4;0;0;0;0
17.9;MPIB3;0;0;0;0
17.9;MPIB2;0;0;0;0.000626929
17.9;MPIB1;0;0;0.001880787;0
17.95;MPIB4;0;0;0;0
17.95;MPIB3;0;0;0;0
17.95;MPIB2;0;0;0;0.0005787037
17.95;MPIB1;0;0;0.001929012;0
18;MPIB4;0;0;0;0
18;MPIB3;0;0;0;0
18;MPIB2;0;0;0;0.0005304784
18;MPIB1;0;0;0.001929012;0
18.05;MPIB4;0;0;0;0
18.05;MPIB3;0;0;0;0
18.05;MPIB2;0;0;0;0.0004822531
18.05;MPIB1;0;0;0.002121913;0
18.1;MPIB4;0;0;0;0
18.1;MPIB3;0;0;0;0
18.1;MPIB2;0;0;0;0.0004822531
18.1;MPIB1;0;0;0.002555941;0
18.15;MPIB4;0;0;0;0
18.15;MPIB3;0;0;0;0
18.15;MPIB2;0;0;0;0.0007233796
18.15;MPIB1;0;0;0.00236304;0
18.2;MPIB4;0;0;0;0
18.2;MPIB3;0;0;0;0
18.2;MPIB2;0;0;0;0.0006751543
18.2;MPIB1;0;0;0.002555941;0
18.25;MPIB4;0;0;0;0
18.25;MPIB3;0;0;0;0
18.25;MPIB2;0;0;0;0.0006751543
18.25;MPIB1;0;0;0.002314815;0
18.3;MPIB4;0;0;0;0
18.3;MPIB3;0;0;0;0
18.3;MPIB2;0;0;0;0.0006751543
18.3;MPIB1;0;0;0.002459491;0
18.35;MPIB4;0;0;0;0
18.35;MPIB3;0;0;0;0
18.35;MPIB2;0;0;0;0.0006751543
18.35;MPIB1;0;0;0.002604167;0
18.4;MPIB4;0;0;0;0
18.4;MPIB3;0;0;0;0
18.4;MPIB2;0;0;0;0.0007233796
18.4;MPIB1;0;0;0.002700617;0
18.45;MPIB4;0;0;0;0
18.45;MPIB3;0;0;0;0
18.45;MPIB2;0;0;0;0.0007716049
18.45;MPIB1;0;0;0.002700617;0
18.5;MPIB4;0;0;0;0
18.5;MPIB3;0;0;0;0
18.5;MPIB2;0;0;0;0.0007716049
18.5;MPIB1;0;0;0.002845293;0
18.55;MPIB4;0;0;0;0
18.55;MPIB3;0;0;0;0
18.55;MPIB2;0;0;0;0.0007716049
18.55;MPIB1;0;0;0.002845293;0
18.6;MPIB4;0;0;0;0
18.6;MPIB3;0;0;0;0
18.6;MPIB2;0;0;0;0.0007233796
18.6;MPIB1;0;0;0.002748843;0
18.65;MPIB4;0;0;0;0
18.65;MPIB3;0;0;0;0
18.65;MPIB2;0;0;0;0.0007233796
18.65;MPIB1;0;0;0.00308642;0
18.7;MPIB4;0;0;0;0
18.7;MPIB3;0;0;0;0
18.7;MPIB2;0;0;0;0.0007716049
18.7;MPIB1;0;0;0.003038194;0
18.75;MPIB4;0;0;0;0
18.75;MPIB3;0;0;0;0
18.75;MPIB2;0;0;0;0.0007233796
18.75;MPIB1;0;0;0.00308642;0
18.8;MPIB4;0;0;0;0
18.8;MPIB3;0;0;0;0
18.8;MPIB2;0;0;0;0.0007233796
18.8;MPIB1;0;0;0.003038194;0
18.85;MPIB4;0;0;0;0
18.85;MPIB3;0;0;0;0
18.85;MPIB2;0;0;0;0.000626929
18.85;MPIB1;0;0;0.003038194;0
18.9;MPIB4;0;0;0;0
18.9;MPIB3;0;0;0;0
18.9;MPIB2;0;0;0;0.0006751543
18.9;MPIB1;0;0;0.003038194;0
18.95;MPIB4;0;0;0;0
18.95;MPIB3;0;0;0;0
18.95;MPIB2;0;0;0;0.0006751543
18.95;MPIB1;0;0;0.00308642;0
19;MPIB4;0;0;0;0
19;MPIB3;0;0;0;0
19;MPIB2;0;0;0;0.0006751543
19;MPIB1;0;0;0.00308642;0
19.05;MPIB4;0;0;0;0
19.05;MPIB3;0;0;0;0
19.05;MPIB2;0;0;0;0.000626929
19.05;MPIB1;0;0;0.003134645;0
19.1;MPIB4;0;0.001205633;0;0
19.1;MPIB3;0;0;0;0
19.1;MPIB2;0;0;0;0.0007233796
19.1;MPIB1;0;0;0.00308642;0
19.15;MPIB4;0.0003858025;0.0007233796;0;0
19.15;MPIB3;0;0;0;0
19.15;MPIB2;0;0;0;0.0007233796
19.15;MPIB1;0;0;0.001591435;0
19.2;MPIB4;0.0003375772;0.0006751543;0;0
19.2;MPIB3;0;0;0;0
19.2;MPIB2;0;0;0;0.0006751543
19.2;MPIB1;0;0;0.00163966;0
19.25;MPIB4;0.0002893519;0.0007233796;0;0
19.25;MPIB3;0;0;0;0
19.25;MPIB2;0;0;0;0.0008198302
19.25;MPIB1;0;0;0.001591435;0
19.3;MPIB4;0.0001929012;0.0007233796;0;0
19.3;MPIB3;0;0;0;0
19.3;MPIB2;0;0;0;0.0006751543
19.3;MPIB1;0;0;0.00154321;0
19.35;MPIB4;0.0002411265;0.0005787037;0;0
19.35;MPIB3;0;0;0;0
19.35;MPIB2;0;0;0;0.0008198302
19.35;MPIB1;0;0;0.001591435;0
19.4;MPIB4;0.0002411265;0.0005787037;0;0
19.4;MPIB3;0;0;0;0
19.4;MPIB2;0;0;0;0.0006751543
19.4;MPIB1;0;0;0.001591435;0
19.45;MPIB4;0.0003375772;0.0007716049;0;0
19.45;MPIB3;0;0;0;0
19.45;MPIB2;0;0;0;0.0007233796
19.45;MPIB1;0;0;0.001591435;0
19.5;MPIB4;0.0002411265;0.0008198302;0;0
19.5;MPIB3;0;0;0;0
19.5;MPIB2;0;0;0;0.0007716049
19.5;MPIB1;0;0;0.001591435;0
19.55;MPIB4;0.0002411265;0.000626929;0;0
19.55;MPIB3;0;0;0;0
19.55;MPIB2;0;0;0;0.0006751543
19.55;MPIB1;0;0;0.001591435;0
19.6;MPIB4;0.0002411265;0.000626929;0;0
19.6;MPIB3;0;0;0;0
19.6;MPIB2;0;0;0;0.0007233796
19.6;MPIB1;0;0;0.001591435;0
19.65;MPIB4;0.0002411265;0.000626929;0;0
19.65;MPIB3;0;0;0;0
19.65;MPIB2;0;0;0;0.0007233796
19.65;MPIB1;0;0;0.001591435;0
19.7;MPIB4;0;0.001060957;0;0
19.7;MPIB3;0;0;0;0
19.7;MPIB2;0;0;0;0.0008198302
19.7;MPIB1;0;0;0.001591435;0
19.75;MPIB4;0;0.001012731;0;0
19.75;MPIB3;0;0;0;0
19.75;MPIB2;0;0;0;0.0006751543
19.75;MPIB1;0;0;0.001591435;0
19.8;MPIB4;0;0.001253858;0;0
19.8;MPIB3;0;0;0;0
19.8;MPIB2;0;0;0;0.0006751543
19.8;MPIB1;0;0;0.001591435;0
19.85;MPIB4;0;0.001205633;0;0
19.85;MPIB3;0;0;0;0
19.85;MPIB2;0;0;0;0.0006751543
19.85;MPIB1;0;0;0.001591435;0
19.9;MPIB4;0;0.001205633;0;0
19.9;MPIB3;0;0;0;0
19.9;MPIB2;0;0;0;0.0006751543
19.9;MPIB1;0;0;0.001591435;0
19.95;MPIB4;0;0.001205633;0;0
19.95;MPIB3;0;0;0;0
19.95;MPIB2;0;0;0;0.0006751543
19.95;MPIB1;0;0;0.001591435;0
20;MPIB4;0;0.001205633;0;0
20;MPIB3;0;0;0;0
20;MPIB2;0;0;0;0.0006751543
20;MPIB1;0;0;0.001591435;0
20.05;MPIB4;0;0.001205633;0;0
20.05;MPIB3;0;0;0;0
20.05;MPIB2;0;0;0;0.0006751543
20.05;MPIB1;0;0;0.001591435;0
20.1;MPIB4;0;0.001205633;0;0
20.1;MPIB3;0;0;0;0
20.1;MPIB2;0;0;0;0.0006751543
20.1;MPIB1;0;0;0.00163966;0
20.15;MPIB4;0;0.001205633;0;0
20.15;MPIB3;0;0;0;0
20.15;MPIB2;0;0;0;0.0006751543
20.15;MPIB1;0;0;0.001350309;0
20.2;MPIB4;0;0.001253858;0;0
20.2;MPIB3;0;0;0;0
20.2;MPIB2;0;0;0;0.0006751543
20.2;MPIB1;0;0;0.001591435;0
20.25;MPIB4;0;0.001302083;0;0
20.25;MPIB3;0;0;0;0
20.25;MPIB2;0;0;0;0.0007233796
20.25;MPIB1;0;0;0.001591435;0
20.3;MPIB4;0;0.001302083;0;0
20.3;MPIB3;0;0;0;0
20.3;MPIB2;0;0;0;0.0008198302
20.3;MPIB1;0;0;0.001591435;0
20.35;MPIB4;0;0.001302083;0;0
20.35;MPIB3;0;0;0;0
20.35;MPIB2;0;0;0;0.0009162808
20.35;MPIB1;0;0;0.001736111;0
20.4;MPIB4;0;0.001253858;0;0
20.4;MPIB3;0;0;0;0
20.4;MPIB2;0;0;0;0.0008198302
20.4;MPIB1;0;0;0.004774306;0
20.45;MPIB4;0;0.001350309;0;0
20.45;MPIB3;0;0;0;0
20.45;MPIB2;0;0;0;0.0008198302
20.45;MPIB1;0;0;0;0
20.5;MPIB4;0;0.001253858;0;0
20.5;MPIB3;0;0;0;0
20.5;MPIB2;0;0;0;0.0007716049
20.5;MPIB1;0;0;0;0
20.55;MPIB4;0;0.001253858;0;0
20.55;MPIB3;0;0;0;0
20.55;MPIB2;0;0;0;0.0008680556
20.55;MPIB1;0;0;0;0
20.6;MPIB4;0;0.001350309;0;0
20.6;MPIB3;0;0;0;0
20.6;MPIB2;0;0;0;0.0008680556
20.6;MPIB1;0;0;0;0
20.65;MPIB4;0;0.001398534;0;0
20.65;MPIB3;0;0;0;0
20.65;MPIB2;0;0;0;0.0008680556
20.65;MPIB1;0;0;0;0
20.7;MPIB4;0;0.001302083;0;0
20.7;MPIB3;0;0;0;0
20.7;MPIB2;0;0;0;0.0008198302
20.7;MPIB1;0;0;0;0
20.75;MPIB4;0;0.001302083;0;0
20.75;MPIB3;0;0;0;0
20.75;MPIB2;0;0;0;0.0008198302
20.75;MPIB1;0;0;0;0
20.8;MPIB4;0;0.001398534;0;0
20.8;MPIB3;0;0;0;0
20.8;MPIB2;0;0;0;0.0009162808
20.8;MPIB1;0;0;0;0
20.85;MPIB4;0;0.001398534;0;0
20.85;MPIB3;0;0;0;0
20.85;MPIB2;0;0;0;0.0009645062
20.85;MPIB1;0;0;0;0
20.9;MPIB4;0;0.001398534;0;0
20.9;MPIB3;0;0;0;0
20.9;MPIB2;0;0;0;0.0009162808
20.9;MPIB1;0;0;0;0
20.95;MPIB4;0;0.001494985;0;0
20.95;MPIB3;0;0;0;0
20.95;MPIB2;0;0;0;0.0008680556
20.95;MPIB1;0;0;0;0
21;MPIB4;0;0.001446759;0;0
21;MPIB3;0;0;0;0
21;MPIB2;0;0;0;0.0009162808
21;MPIB1;0;0;0;0
21.05;MPIB4;0;0.001398534;0;0
21.05;MPIB3;0;0;0;0
21.05;MPIB2;0;0;0;0.001060957
21.05;MPIB1;0;0;0;0
21.1;MPIB4;0;0.001446759;0;0
21.1;MPIB3;0;0;0;0
21.1;MPIB2;0;0;0;0.0009645062
21.1;MPIB1;0;0;0;0
21.15;MPIB4;0;0.001494985;0;0
21.15;MPIB3;0;0;0;0
21.15;MPIB2;0;0;0;0.0009162808
21.15;MPIB1;0;0;0;0
21.2;MPIB4;0;0.001446759;0;0
21.2;MPIB3;0;0;0;0
21.2;MPIB2;0;0;0;0.001157407
21.2;MPIB1;0;0;0;0
21.25;MPIB4;0;0.001446759;0;0
21.25;MPIB3;0;0;0;0
21.25;MPIB2;0;0;0;0.001157407
21.25;MPIB1;0;0;0;0
21.3;MPIB4;0;0.001446759;0;0
21.3;MPIB3;0;0;0;0
21.3;MPIB2;0;0;0;0.0007716049
21.3;MPIB1;0;0;0;0
21.35;MPIB4;0;0.001446759;0;0
21.35;MPIB3;0;0;0;0
21.35;MPIB2;0;0;0;0.0009645062
21.35;MPIB1;0;0;0;0
21.4;MPIB4;0;0.001446759;0;0
21.4;MPIB3;0;0;0;0
21.4;MPIB2;0;0;0;0.0009645062
21.4;MPIB1;0;0;0;0
21.45;MPIB4;0;0.001446759;0;0
21.45;MPIB3;0;0;0;0
21.45;MPIB2;0;0;0;0.0009645062
21.45;MPIB1;0;0;0;0
21.5;MPIB4;0;0.001446759;0;0
21.5;MPIB3;0;0;0;0
21.5;MPIB2;0;0;0;0.0009645062
21.5;MPIB1;0;0;0;0
21.55;MPIB4;0;0.001446759;0;0
21.55;MPIB3;0;0;0;0
21.55;MPIB2;0;0;0;0.0009645062
21.55;MPIB1;0;0;0;0
21.6;MPIB4;0;0.001446759;0;0
21.6;MPIB3;0;0;0;0
21.6;MPIB2;0;0;0;0.0009645062
21.6;MPIB1;0;0;0;0
21.65;MPIB4;0;0.001446759;0;0
21.65;MPIB3;0;0;0;0
21.65;MPIB2;0;0;0;0.0009645062
21.65;MPIB1;0;0;0;0
21.7;MPIB4;0;0.001446759;0;0
21.7;MPIB3;0;0;0;0
21.7;MPIB2;0;0;0;0.0009645062
21.7;MPIB1;0;0;0;0
21.75;MPIB4;0;0.001446759;0;0
21.75;MPIB3;0;0;0;0
21.75;MPIB2;0;0;0;0.001012731
21.75;MPIB1;0;0;0;0
21.8;MPIB4;0;0.001446759;0;0
21.8;MPIB3;0;0;0;0
21.8;MPIB2;0;0;0;0.001012731
21.8;MPIB1;0;0;0;0
21.85;MPIB4;0;0.001446759;0;0
21.85;MPIB3;0;0;0;0
21.85;MPIB2;0;0;0;0.0008198302
21.85;MPIB1;0;0;0;0
21.9;MPIB4;0;0.001446759;0;0
21.9;MPIB3;0;0;0;0
21.9;MPIB2;0;0;0;0.0009645062
21.9;MPIB1;0;0;0;0
21.95;MPIB4;0;0.001446759;0;0
21.95;MPIB3;0;0;0;0
21.95;MPIB2;0;0;0;0.001157407
21.95;MPIB1;0;0;0;0
22;MPIB4;0;0.001446759;0;0
22;MPIB3;0;0;0;0
22;MPIB2;0;0;0;0.0009645062
22;MPIB1;0;0;0;0
22.05;MPIB4;0;0.001446759;0;0
22.05;MPIB3;0;0;0;0
22.05;MPIB2;0;0;0;0.001109182
22.05;MPIB1;0;0;0;0
22.1;MPIB4;0;0.001446759;0;0
22.1;MPIB3;0;0;0;0
22.1;MPIB2;0;0;0;0.001109182
22.1;MPIB1;0;0;0;0
22.15;MPIB4;0;0.001446759;0;0
22.15;MPIB3;0;0;0;0.0003375772
22.15;MPIB2;0;0;0;0.001109182
22.15;MPIB1;0;0;0;0
22.2;MPIB4;0;0.001446759;0;0
22.2;MPIB3;0;0.000626929;0;0.0001929012
22.2;MPIB2;0;0;0;0.001109182
22.2;MPIB1;0;0;0;0
22.25;MPIB4;0;0.001446759;0;0
22.25;MPIB3;0;0.0004822531;0;0.0001446759
22.25;MPIB2;0;0;0;0.001109182
22.25;MPIB1;0;0;0;0
22.3;MPIB4;0;0.001446759;0;0
22.3;MPIB3;0.003858025;0.0002893519;0;0.0001446759
22.3;MPIB2;0;0;0;0.001109182
22.3;MPIB1;0;0;0;0
22.35;MPIB4;0;0.001446759;0;0
22.35;MPIB3;0.003231096;0.0004340278;0;0.0001446759
22.35;MPIB2;0;0;0;0.001109182
22.35;MPIB1;0;0;0;0
22.4;MPIB4;0;0.001446759;0;0
22.4;MPIB3;0.003231096;0.0004340278;0;0.0001446759
22.4;MPIB2;0;0;0;0.001109182
22.4;MPIB1;0;0;0;0
22.45;MPIB4;0;0.001446759;0;0
22.45;MPIB3;0.00308642;0.0005304784;0;0.0001446759
22.45;MPIB2;0;0;0;0.001109182
22.45;MPIB1;0;0;0;0
22.5;MPIB4;0;0.001446759;0;0
22.5;MPIB3;0.00318287;0.0002893519;0;0.0001929012
22.5;MPIB2;0;0;0;0.001109182
22.5;MPIB1;0;0;0;0
22.55;MPIB4;0;0.001446759;0;0
22.55;MPIB3;0.003616898;0.0003858025;0;0.0002411265
22.55;MPIB2;0;0;0;0.001109182
22.55;MPIB1;0;0;0;0
22.6;MPIB4;0;0.001446759;0;0
22.6;MPIB3;0.003665123;0.0004822531;0;0.0002411265
22.6;MPIB2;0;0;0;0.001109182
22.6;MPIB1;0;0;0;0
22.65;MPIB4;0;0.001736111;0;0
22.65;MPIB3;0.003665123;0.0004822531;0;0.0002411265
22.65;MPIB2;0;0;0;0.001109182
22.65;MPIB1;0;0;0;0
22.7;MPIB4;0;0.0005304784;0;0
22.7;MPIB3;0.004050926;0.0004822531;0;0.0001446759
22.7;MPIB2;0;0;0;0.001109182
22.7;MPIB1;0;0;0;0
22.75;MPIB4;0;0;0;0
22.75;MPIB3;0.004436729;0.0004822531;0;0.0001929012
22.75;MPIB2;0;0;0;0.0009162808
22.75;MPIB1;0;0;0;0
22.8;MPIB4;0;0;0;0
22.8;MPIB3;0.004918981;0.0004822531;0;0.0002411265
22.8;MPIB2;0;0;0;0.001012731
22.8;MPIB1;0;0;0;0
22.85;MPIB4;0;0;0;0
22.85;MPIB3;0.005497685;0.0003858025;0;9.645062E-05
22.85;MPIB2;0;0;0;0.001109182
22.85;MPIB1;0;0;0;0
22.9;MPIB4;0;0;0;0
22.9;MPIB3;0.005883488;0