Time;PlayerName;eventtype;eventid;xPos;yPos;zPos;Occupancy;TriggerPlayer
3.1;MPIB4;SPL;52955;24.18368;0;27.7465;0.1456887;MPIB4
3.15;MPIB4;SPL;52955;24.18368;0;27.7465;0.1363812;MPIB4
3.15;MPIB3;SPL;52827;7.256906;0;4.834737;0.1745274;MPIB3
3.2;MPIB4;SPL;52955;24.18368;0;27.7465;0.1333912;MPIB4
3.2;MPIB3;SPL;52827;7.256906;0;4.834737;0.1712481;MPIB3
3.25;MPIB4;SPL;52955;24.18368;0;27.7465;0.129919;MPIB4
3.25;MPIB2;SPL;53030;32.5;0;15.5;0.2728106;MPIB2
3.25;MPIB3;SPL;52827;7.256906;0;4.834737;0.1652199;MPIB3
3.3;MPIB4;SPL;52955;24.18368;0;27.7465;0.1229263;MPIB4
3.3;MPIB2;SPL;53030;32.5;0;15.5;0.290461;MPIB2
3.3;MPIB3;SPL;52827;7.256906;0;4.834737;0.1496431;MPIB3
3.35;MPIB4;SPL;52955;24.18368;0;27.7465;0.1051312;MPIB4
3.35;MPIB2;SPL;53030;32.5;0;15.5;0.2948495;MPIB2
3.35;MPIB3;SPL;52827;7.256906;0;4.834737;0.1416377;MPIB3
3.4;MPIB4;SPL;52955;24.18368;0;27.7465;0.0935571;MPIB4
3.4;MPIB2;SPL;53030;32.5;0;15.5;0.2689043;MPIB2
3.4;MPIB3;SPL;52827;7.256906;0;4.834737;0.1115934;MPIB3
3.45;MPIB4;SPL;52955;24.18368;0;27.7465;0.07942709;MPIB4
3.45;MPIB2;SPL;53030;32.5;0;15.5;0.2558835;MPIB2
3.45;MPIB3;SPL;52827;7.256906;0;4.834737;0.1111593;MPIB3
3.5;MPIB4;SPL;52955;24.18368;0;27.7465;0.08482832;MPIB4
3.5;MPIB2;SPL;53030;32.5;0;15.5;0.2209201;MPIB2
3.5;MPIB3;SPL;52827;7.256906;0;4.834737;0.1248553;MPIB3
3.55;MPIB4;SPL;52955;24.18368;0;27.7465;0.08082562;MPIB4
3.55;MPIB2;SPL;53030;32.5;0;15.5;0.1744309;MPIB2
3.55;MPIB3;SPL;52827;7.256906;0;4.834737;0.1259163;MPIB3
3.6;MPIB4;SPL;52955;24.18368;0;27.7465;0.1109182;MPIB4
3.6;MPIB2;SPL;53030;32.5;0;15.5;0.08969907;MPIB2
3.6;MPIB3;SPL;52827;7.256906;0;4.834737;0.1228299;MPIB3
3.65;MPIB4;SPL;52955;24.18368;0;27.7465;0.106385;MPIB4
3.65;MPIB2;SPL;53030;32.5;0;15.5;0.06558642;MPIB2
3.65;MPIB3;SPL;52827;7.256906;0;4.834737;0.1015143;MPIB3
3.7;MPIB4;SPL;52955;24.18368;0;27.7465;0.09683642;MPIB4
3.7;MPIB2;SPL;53030;32.5;0;15.5;0.04976852;MPIB2
3.7;MPIB3;SPL;52827;7.256906;0;4.834737;0.07638889;MPIB3
3.75;MPIB4;SPL;52955;24.18368;0;27.7465;0.08121142;MPIB4
3.75;MPIB2;SPL;53030;32.5;0;15.5;0.04378858;MPIB2
3.75;MPIB3;SPL;52827;7.256906;0;4.834737;0.07865548;MPIB3
3.8;MPIB4;SPL;52955;24.18368;0;27.7465;0.07175926;MPIB4
3.8;MPIB2;SPL;53030;32.5;0;15.5;0.03973765;MPIB2
3.8;MPIB3;SPL;52827;7.256906;0;4.834737;0.09582369;MPIB3
3.85;MPIB4;SPL;52955;24.18368;0;27.7465;0.06245178;MPIB4
3.85;MPIB2;SPL;53030;32.5;0;15.5;0.03477045;MPIB2
3.85;MPIB3;SPL;52827;7.256906;0;4.834737;0.07484568;MPIB3
3.9;MPIB4;SPL;52955;24.18368;0;27.7465;0.05512153;MPIB4
3.9;MPIB2;SPL;53030;32.5;0;15.5;0.02252122;MPIB2
3.95;MPIB4;SPL;52955;24.18368;0;27.7465;0.04827353;MPIB4
3.95;MPIB2;SPL;53030;32.5;0;15.5;0.0192419;MPIB2
4;MPIB4;SPL;52955;24.18368;0;27.7465;0.03043017;MPIB4
4;MPIB2;SPL;53030;32.5;0;15.5;0.01716821;MPIB2
4.05;MPIB4;SPL;52955;24.18368;0;27.7465;0.02391975;MPIB4
4.05;MPIB2;SPL;53030;32.5;0;15.5;0.01432292;MPIB2
4.1;MPIB4;SPL;52955;24.18368;0;27.7465;0.02184607;MPIB4
4.1;MPIB2;SPL;53030;32.5;0;15.5;0.007908951;MPIB2
4.15;MPIB4;SPL;52955;24.18368;0;27.7465;0.0192419;MPIB4
4.15;MPIB2;SPL;53030;32.5;0;15.5;0.006896219;MPIB2
4.2;MPIB4;SPL;52955;24.18368;0;27.7465;0.01683063;MPIB4
4.2;MPIB2;SPL;53030;32.5;0;15.5;0.006896219;MPIB2
4.25;MPIB4;SPL;52955;24.18368;0;27.7465;0.01171875;MPIB4
4.25;MPIB2;SPL;53030;32.5;0;15.5;0.007137346;MPIB2
4.3;MPIB4;SPL;52955;24.18368;0;27.7465;0.01060957;MPIB4
4.3;MPIB2;SPL;53030;32.5;0;15.5;0.006896219;MPIB2
4.35;MPIB4;SPL;52955;24.18368;0;27.7465;0.01099537;MPIB4
4.35;MPIB2;SPL;53030;32.5;0;15.5;0.00626929;MPIB2
4.4;MPIB4;SPL;52955;24.18368;0;27.7465;0.01070602;MPIB4
4.4;MPIB2;SPL;53030;32.5;0;15.5;0.00626929;MPIB2
4.45;MPIB4;SPL;52955;24.18368;0;27.7465;0.009837963;MPIB4
4.45;MPIB2;SPL;53030;32.5;0;15.5;0.005208333;MPIB2
4.5;MPIB4;SPL;52955;24.18368;0;27.7465;0.008777007;MPIB4
4.5;MPIB2;SPL;53030;32.5;0;15.5;0.004147376;MPIB2
4.55;MPIB4;SPL;52955;24.18368;0;27.7465;0.007282021;MPIB4
4.55;MPIB2;SPL;53030;32.5;0;15.5;0.003279321;MPIB2
4.6;MPIB4;SPL;52955;24.18368;0;27.7465;0.006462191;MPIB4
4.6;MPIB2;SPL;53030;32.5;0;15.5;0.002459491;MPIB2
4.65;MPIB4;SPL;52955;24.18368;0;27.7465;0.005111883;MPIB4
4.65;MPIB2;SPL;53030;32.5;0;15.5;0.002218364;MPIB2
4.7;MPIB4;SPL;52955;24.18368;0;27.7465;0.004436729;MPIB4
4.7;MPIB2;SPL;53030;32.5;0;15.5;0.00154321;MPIB2
4.75;MPIB4;SPL;52955;24.18368;0;27.7465;0.003327546;MPIB4
4.75;MPIB2;SPL;53030;32.5;0;15.5;0.001060957;MPIB2
4.8;MPIB4;SPL;52955;24.18368;0;27.7465;0.002989969;MPIB4
4.8;MPIB2;SPL;53030;32.5;0;15.5;0.001253858;MPIB2
4.85;MPIB4;SPL;52955;24.18368;0;27.7465;0.00308642;MPIB4
4.85;MPIB2;SPL;53030;32.5;0;15.5;0.001157407;MPIB2
4.9;MPIB4;SPL;52955;24.18368;0;27.7465;0.001929012;MPIB4
4.9;MPIB2;SPL;53030;32.5;0;15.5;0.0009162808;MPIB2
4.95;MPIB2;SPL;53030;32.5;0;15.5;0.0008680556;MPIB2
5;MPIB2;SPL;53030;32.5;0;15.5;0.0008680556;MPIB2
5.05;MPIB2;SPL;53030;32.5;0;15.5;0.0008680556;MPIB2
9.85;MPIB1;SPL;53009;32.48603;0;12.91501;0.00154321;MPIB2
9.85;MPIB2;SPL;53009;32.48603;0;12.91501;0.178723;MPIB2
9.9;MPIB1;SPL;53009;32.48603;0;12.91501;0.00163966;MPIB2
9.9;MPIB2;SPL;53009;32.48603;0;12.91501;0.1688368;MPIB2
9.95;MPIB1;SPL;53009;32.48603;0;12.91501;0.001687886;MPIB2
9.95;MPIB2;SPL;53009;32.48603;0;12.91501;0.1561535;MPIB2
10;MPIB1;SPL;53009;32.48603;0;12.91501;0.001687886;MPIB2
10;MPIB2;SPL;53009;32.48603;0;12.91501;0.132716;MPIB2
10.05;MPIB1;SPL;53009;32.48603;0;12.91501;0.001736111;MPIB2
10.05;MPIB2;SPL;53009;32.48603;0;12.91501;0.1160783;MPIB2
10.1;MPIB1;SPL;53009;32.48603;0;12.91501;0.001687886;MPIB2
10.1;MPIB2;SPL;53009;32.48603;0;12.91501;0.1054688;MPIB2
10.15;MPIB1;SPL;53009;32.48603;0;12.91501;0.00163966;MPIB2
10.15;MPIB2;SPL;53009;32.48603;0;12.91501;0.09784915;MPIB2
10.2;MPIB1;SPL;53009;32.48603;0;12.91501;0.001687886;MPIB2
10.2;MPIB2;SPL;53009;32.48603;0;12.91501;0.07682291;MPIB2
10.25;MPIB1;SPL;53009;32.48603;0;12.91501;0.001687886;MPIB2
10.25;MPIB2;SPL;53009;32.48603;0;12.91501;0.06809413;MPIB2
10.3;MPIB1;SPL;53009;32.48603;0;12.91501;0.001736111;MPIB2
10.3;MPIB2;SPL;53009;32.48603;0;12.91501;0.07769097;MPIB2
10.35;MPIB1;SPL;53009;32.48603;0;12.91501;0.001446759;MPIB2
10.35;MPIB2;SPL;53009;32.48603;0;12.91501;0.08497299;MPIB2
10.4;MPIB1;SPL;53009;32.48603;0;12.91501;0.001591435;MPIB2
10.4;MPIB2;SPL;53009;32.48603;0;12.91501;0.07716049;MPIB2
10.45;MPIB1;SPL;53009;32.48603;0;12.91501;0.001398534;MPIB2
10.45;MPIB2;SPL;53009;32.48603;0;12.91501;0.05854553;MPIB2
10.5;MPIB1;SPL;53009;32.48603;0;12.91501;0.001350309;MPIB2
10.5;MPIB2;SPL;53009;32.48603;0;12.91501;0.04827353;MPIB2
10.55;MPIB1;SPL;53009;32.48603;0;12.91501;0.001253858;MPIB2
10.55;MPIB2;SPL;53009;32.48603;0;12.91501;0.05063657;MPIB2
10.6;MPIB1;SPL;53009;32.48603;0;12.91501;0.001205633;MPIB2
10.6;MPIB2;SPL;53009;32.48603;0;12.91501;0.050299;MPIB2
10.65;MPIB1;SPL;53009;32.48603;0;12.91501;0.0008680556;MPIB2
10.65;MPIB2;SPL;53009;32.48603;0;12.91501;0.0546875;MPIB2
10.7;MPIB1;SPL;53009;32.48603;0;12.91501;0.0009645062;MPIB2
10.7;MPIB2;SPL;53009;32.48603;0;12.91501;0.03964121;MPIB2
10.75;MPIB1;SPL;53009;32.48603;0;12.91501;0.0008680556;MPIB2
10.75;MPIB2;SPL;53009;32.48603;0;12.91501;0.03226273;MPIB2
10.8;MPIB1;SPL;53009;32.48603;0;12.91501;0.001060957;MPIB2
10.8;MPIB2;SPL;53009;32.48603;0;12.91501;0.02985147;MPIB2
10.85;MPIB1;SPL;53009;32.48603;0;12.91501;0.001109182;MPIB2
10.85;MPIB2;SPL;53009;32.48603;0;12.91501;0.01586613;MPIB2
10.9;MPIB1;SPL;53009;32.48603;0;12.91501;0.001012731;MPIB2
10.9;MPIB2;SPL;53009;32.48603;0;12.91501;0.01769869;MPIB2
10.95;MPIB1;SPL;53009;32.48603;0;12.91501;0.0009645062;MPIB2
10.95;MPIB2;SPL;53009;32.48603;0;12.91501;0.01929012;MPIB2
11;MPIB1;SPL;53009;32.48603;0;12.91501;0.0008198302;MPIB2
11;MPIB2;SPL;53009;32.48603;0;12.91501;0.012201;MPIB2
11.05;MPIB1;SPL;53009;32.48603;0;12.91501;0.000626929;MPIB2
11.05;MPIB2;SPL;53009;32.48603;0;12.91501;0.01210455;MPIB2
11.1;MPIB1;SPL;53009;32.48603;0;12.91501;0.000626929;MPIB2
11.1;MPIB2;SPL;53009;32.48603;0;12.91501;0.01128472;MPIB2
11.15;MPIB1;SPL;53009;32.48603;0;12.91501;0.0005304784;MPIB2
11.15;MPIB2;SPL;53009;32.48603;0;12.91501;0.01133295;MPIB2
11.2;MPIB1;SPL;53009;32.48603;0;12.91501;0.0007233796;MPIB2
11.2;MPIB2;SPL;53009;32.48603;0;12.91501;0.01128472;MPIB2
11.25;MPIB1;SPL;53009;32.48603;0;12.91501;0.0007233796;MPIB2
11.25;MPIB2;SPL;53009;32.48603;0;12.91501;0.01157407;MPIB2
11.3;MPIB1;SPL;53009;32.48603;0;12.91501;0.0002411265;MPIB2
11.3;MPIB2;SPL;53009;32.48603;0;12.91501;0.01287616;MPIB2
11.35;MPIB1;SPL;53009;32.48603;0;12.91501;0.0004340278;MPIB2
11.4;MPIB1;SPL;53009;32.48603;0;12.91501;0.0004340278;MPIB2
11.45;MPIB1;SPL;53009;32.48603;0;12.91501;0.0003858025;MPIB2
11.5;MPIB1;SPL;53009;32.48603;0;12.91501;0.0003858025;MPIB2
11.55;MPIB1;SPL;53009;32.48603;0;12.91501;0.0002411265;MPIB2
11.6;MPIB1;SPL;53009;32.48603;0;12.91501;0.0002411265;MPIB2
11.65;MPIB1;SPL;53009;32.48603;0;12.91501;4.822531E-05;MPIB2
16.85;MPIB1;SPL;52831;4.146734;0;14.29582;0.00226659;MPIB3
16.85;MPIB2;SPL;52831;4.146734;0;14.29582;0.003568673;MPIB3
16.85;MPIB3;SPL;52831;4.146734;0;14.29582;0.1885127;MPIB3
16.9;MPIB1;SPL;52831;4.146734;0;14.29582;0.00226659;MPIB3
16.9;MPIB2;SPL;52831;4.146734;0;14.29582;0.003520448;MPIB3
16.9;MPIB3;SPL;52831;4.146734;0;14.29582;0.1845583;MPIB3
16.95;MPIB1;SPL;52831;4.146734;0;14.29582;0.002314815;MPIB3
16.95;MPIB2;SPL;52831;4.146734;0;14.29582;0.003568673;MPIB3
16.95;MPIB3;SPL;52831;4.146734;0;14.29582;0.1812789;MPIB3
17;MPIB1;SPL;52831;4.146734;0;14.29582;0.002459491;MPIB3
17;MPIB2;SPL;52831;4.146734;0;14.29582;0.003375772;MPIB3
17;MPIB3;SPL;52831;4.146734;0;14.29582;0.17337;MPIB3
17.05;MPIB1;SPL;52831;4.146734;0;14.29582;0.002411265;MPIB3
17.05;MPIB2;SPL;52831;4.146734;0;14.29582;0.003713349;MPIB3
17.05;MPIB3;SPL;52831;4.146734;0;14.29582;0.155816;MPIB3
17.1;MPIB1;SPL;52831;4.146734;0;14.29582;0.002507716;MPIB3
17.1;MPIB2;SPL;52831;4.146734;0;14.29582;0.003520448;MPIB3
17.1;MPIB3;SPL;52831;4.146734;0;14.29582;0.1343557;MPIB3
17.15;MPIB1;SPL;52831;4.146734;0;14.29582;0.002555941;MPIB3
17.15;MPIB2;SPL;52831;4.146734;0;14.29582;0.004002701;MPIB3
17.15;MPIB3;SPL;52831;4.146734;0;14.29582;0.1239873;MPIB3
17.2;MPIB1;SPL;52831;4.146734;0;14.29582;0.002314815;MPIB3
17.2;MPIB2;SPL;52831;4.146734;0;14.29582;0.00318287;MPIB3
17.2;MPIB3;SPL;52831;4.146734;0;14.29582;0.1134259;MPIB3
17.25;MPIB1;SPL;52831;4.146734;0;14.29582;0.002170139;MPIB3
17.25;MPIB2;SPL;52831;4.146734;0;14.29582;0.003279321;MPIB3
17.25;MPIB3;SPL;52831;4.146734;0;14.29582;0.1026717;MPIB3
17.3;MPIB1;SPL;52831;4.146734;0;14.29582;0.00226659;MPIB3
17.3;MPIB2;SPL;52831;4.146734;0;14.29582;0.002989969;MPIB3
17.3;MPIB3;SPL;52831;4.146734;0;14.29582;0.07952353;MPIB3
17.35;MPIB1;SPL;52831;4.146734;0;14.29582;0.002121913;MPIB3
17.35;MPIB2;SPL;52831;4.146734;0;14.29582;0.002941744;MPIB3
17.35;MPIB3;SPL;52831;4.146734;0;14.29582;0.08371913;MPIB3
17.4;MPIB1;SPL;52831;4.146734;0;14.29582;0.001880787;MPIB3
17.4;MPIB2;SPL;52831;4.146734;0;14.29582;0.003231096;MPIB3
17.4;MPIB3;SPL;52831;4.146734;0;14.29582;0.07185571;MPIB3
17.45;MPIB1;SPL;52831;4.146734;0;14.29582;0.00163966;MPIB3
17.45;MPIB2;SPL;52831;4.146734;0;14.29582;0.001977238;MPIB3
17.45;MPIB3;SPL;52831;4.146734;0;14.29582;0.05820795;MPIB3
17.5;MPIB1;SPL;52831;4.146734;0;14.29582;0.00154321;MPIB3
17.5;MPIB2;SPL;52831;4.146734;0;14.29582;0.00226659;MPIB3
17.5;MPIB3;SPL;52831;4.146734;0;14.29582;0.04412616;MPIB3
17.55;MPIB1;SPL;52831;4.146734;0;14.29582;0.001398534;MPIB3
17.55;MPIB2;SPL;52831;4.146734;0;14.29582;0.002121913;MPIB3
17.55;MPIB3;SPL;52831;4.146734;0;14.29582;0.03568673;MPIB3
17.6;MPIB1;SPL;52831;4.146734;0;14.29582;0.001350309;MPIB3
17.6;MPIB2;SPL;52831;4.146734;0;14.29582;0.002218364;MPIB3
17.6;MPIB3;SPL;52831;4.146734;0;14.29582;0.02570409;MPIB3
17.65;MPIB1;SPL;52831;4.146734;0;14.29582;0.001302083;MPIB3
17.65;MPIB2;SPL;52831;4.146734;0;14.29582;0.001977238;MPIB3
17.65;MPIB3;SPL;52831;4.146734;0;14.29582;0.02203897;MPIB3
17.7;MPIB1;SPL;52831;4.146734;0;14.29582;0.001253858;MPIB3
17.7;MPIB2;SPL;52831;4.146734;0;14.29582;0.001591435;MPIB3
17.7;MPIB3;SPL;52831;4.146734;0;14.29582;0.01427469;MPIB3
17.75;MPIB1;SPL;52831;4.146734;0;14.29582;0.0009645062;MPIB3
17.75;MPIB2;SPL;52831;4.146734;0;14.29582;0.001784336;MPIB3
17.75;MPIB3;SPL;52831;4.146734;0;14.29582;0.01451582;MPIB3
17.8;MPIB1;SPL;52831;4.146734;0;14.29582;0.001157407;MPIB3
17.8;MPIB2;SPL;52831;4.146734;0;14.29582;0.001494985;MPIB3
17.8;MPIB3;SPL;52831;4.146734;0;14.29582;0.01109182;MPIB3
17.85;MPIB1;SPL;52831;4.146734;0;14.29582;0.001109182;MPIB3
17.85;MPIB2;SPL;52831;4.146734;0;14.29582;0.001398534;MPIB3
17.85;MPIB3;SPL;52831;4.146734;0;14.29582;0.009789738;MPIB3
17.9;MPIB1;SPL;52831;4.146734;0;14.29582;0.0009645062;MPIB3
17.9;MPIB2;SPL;52831;4.146734;0;14.29582;0.001350309;MPIB3
17.9;MPIB3;SPL;52831;4.146734;0;14.29582;0.007330247;MPIB3
17.95;MPIB1;SPL;52831;4.146734;0;14.29582;0.0008680556;MPIB3
17.95;MPIB2;SPL;52831;4.146734;0;14.29582;0.001253858;MPIB3
17.95;MPIB3;SPL;52831;4.146734;0;14.29582;0.007764275;MPIB3
18;MPIB1;SPL;52831;4.146734;0;14.29582;0.0009645062;MPIB3
18;MPIB2;SPL;52831;4.146734;0;14.29582;0.0009162808;MPIB3
18;MPIB3;SPL;52831;4.146734;0;14.29582;0.005787037;MPIB3
18.05;MPIB1;SPL;52831;4.146734;0;14.29582;0.0005304784;MPIB3
18.05;MPIB2;SPL;52831;4.146734;0;14.29582;0.000626929;MPIB3
18.05;MPIB3;SPL;52831;4.146734;0;14.29582;0.005353009;MPIB3
18.1;MPIB1;SPL;52831;4.146734;0;14.29582;0.0008198302;MPIB3
18.1;MPIB2;SPL;52831;4.146734;0;14.29582;0.0005787037;MPIB3
18.1;MPIB3;SPL;52831;4.146734;0;14.29582;0.004147376;MPIB3
18.15;MPIB1;SPL;52831;4.146734;0;14.29582;0.0004822531;MPIB3
18.15;MPIB2;SPL;52831;4.146734;0;14.29582;0.0005787037;MPIB3
18.15;MPIB3;SPL;52831;4.146734;0;14.29582;0.003134645;MPIB3
18.2;MPIB1;SPL;52831;4.146734;0;14.29582;0.0005787037;MPIB3
18.2;MPIB2;SPL;52831;4.146734;0;14.29582;0.000626929;MPIB3
18.2;MPIB3;SPL;52831;4.146734;0;14.29582;0.005063657;MPIB3
18.25;MPIB1;SPL;52831;4.146734;0;14.29582;0.0006751543;MPIB3
18.25;MPIB2;SPL;52831;4.146734;0;14.29582;0.0002893519;MPIB3
18.25;MPIB3;SPL;52831;4.146734;0;14.29582;0.004967207;MPIB3
18.3;MPIB1;SPL;52831;4.146734;0;14.29582;0.0003858025;MPIB3
18.3;MPIB2;SPL;52831;4.146734;0;14.29582;0.0005787037;MPIB3
18.3;MPIB3;SPL;52831;4.146734;0;14.29582;0.002989969;MPIB3
18.35;MPIB1;SPL;52831;4.146734;0;14.29582;0.0004822531;MPIB3
18.35;MPIB2;SPL;52831;4.146734;0;14.29582;0.0005787037;MPIB3
18.4;MPIB1;SPL;52831;4.146734;0;14.29582;0.0003858025;MPIB3
18.4;MPIB2;SPL;52831;4.146734;0;14.29582;0.000626929;MPIB3
18.45;MPIB1;SPL;52831;4.146734;0;14.29582;0.0004340278;MPIB3
18.45;MPIB2;SPL;52831;4.146734;0;14.29582;0.0005304784;MPIB3
18.5;MPIB1;SPL;52831;4.146734;0;14.29582;0.0004340278;MPIB3
18.5;MPIB2;SPL;52831;4.146734;0;14.29582;0.0002411265;MPIB3
18.55;MPIB1;SPL;52831;4.146734;0;14.29582;0.0003375772;MPIB3
18.55;MPIB2;SPL;52831;4.146734;0;14.29582;0.0003375772;MPIB3
18.6;MPIB1;SPL;52831;4.146734;0;14.29582;0.0002893519;MPIB3
18.6;MPIB2;SPL;52831;4.146734;0;14.29582;4.822531E-05;MPIB3
18.65;MPIB1;SPL;52831;4.146734;0;14.29582;4.822531E-05;MPIB3
18.65;MPIB2;SPL;52831;4.146734;0;14.29582;0.0001446759;MPIB3
18.7;MPIB2;SPL;52831;4.146734;0;14.29582;0.0001446759;MPIB3
21.4;MPIB2;SPL;52950;25.23877;0;12.96996;0.1403356;MPIB2
21.45;MPIB2;SPL;52950;25.23877;0;12.96996;0.1392265;MPIB2
21.5;MPIB2;SPL;52950;25.23877;0;12.96996;0.1252411;MPIB2
21.55;MPIB2;SPL;52950;25.23877;0;12.96996;0.1168981;MPIB2
21.6;MPIB2;SPL;52950;25.23877;0;12.96996;0.1123167;MPIB2
21.65;MPIB2;SPL;52950;25.23877;0;12.96996;0.09601659;MPIB2
21.7;MPIB2;SPL;52950;25.23877;0;12.96996;0.08473187;MPIB2
21.75;MPIB2;SPL;52950;25.23877;0;12.96996;0.09722222;MPIB2
21.8;MPIB2;SPL;52950;25.23877;0;12.96996;0.08815587;MPIB2
21.85;MPIB2;SPL;52950;25.23877;0;12.96996;0.06814236;MPIB2
21.9;MPIB2;SPL;52950;25.23877;0;12.96996;0.06438079;MPIB2
21.95;MPIB2;SPL;52950;25.23877;0;12.96996;0.05820795;MPIB2
22;MPIB2;SPL;52950;25.23877;0;12.96996;0.06225887;MPIB2
22.05;MPIB2;SPL;52950;25.23877;0;12.96996;0.05459105;MPIB2
22.1;MPIB2;SPL;52950;25.23877;0;12.96996;0.05005787;MPIB2
22.15;MPIB2;SPL;52950;25.23877;0;12.96996;0.0356385;MPIB2
22.2;MPIB2;SPL;52950;25.23877;0;12.96996;0.03274499;MPIB2
22.25;MPIB2;SPL;52950;25.23877;0;12.96996;0.03023727;MPIB2
22.3;MPIB2;SPL;52950;25.23877;0;12.96996;0.02874228;MPIB2
22.35;MPIB2;SPL;52950;25.23877;0;12.96996;0.02348573;MPIB2
22.4;MPIB2;SPL;52950;25.23877;0;12.96996;0.02512539;MPIB2
22.45;MPIB2;SPL;52950;25.23877;0;12.96996;0.01152585;MPIB2
22.5;MPIB2;SPL;52950;25.23877;0;12.96996;0.01017554;MPIB2
22.55;MPIB2;SPL;52950;25.23877;0;12.96996;0.00853588;MPIB2
22.6;MPIB2;SPL;52950;25.23877;0;12.96996;0.007523148;MPIB2
22.65;MPIB2;SPL;52950;25.23877;0;12.96996;0.006655093;MPIB2
22.7;MPIB2;SPL;52950;25.23877;0;12.96996;0.005111883;MPIB2
22.75;MPIB2;SPL;52950;25.23877;0;12.96996;0.005690586;MPIB2
22.8;MPIB2;SPL;52950;25.23877;0;12.96996;0.004822531;MPIB2
22.85;MPIB2;SPL;52950;25.23877;0;12.96996;0.00462963;MPIB2
22.9;MPIB2;SPL;52950;25.23877;0;12.96996;0.005160108;MPIB2
22.95;MPIB2;SPL;52950;25.23877;0;12.96996;0.001784336;MPIB2
23;MPIB2;SPL;52950;25.23877;0;12.96996;0.001736111;MPIB2
26.7;MPIB2;SPL;52929;21.69741;0;11.5227;0.1614583;MPIB2
26.75;MPIB2;SPL;52929;21.69741;0;11.5227;0.1562982;MPIB2
26.8;MPIB2;SPL;52929;21.69741;0;11.5227;0.1519097;MPIB2
26.85;MPIB4;SPL;53074;39.51685;0;26.3793;0.2471547;MPIB4
26.85;MPIB2;SPL;52929;21.69741;0;11.5227;0.1427951;MPIB2
26.9;MPIB4;SPL;53074;39.51685;0;26.3793;0.242718;MPIB4
26.9;MPIB2;SPL;52929;21.69741;0;11.5227;0.1310282;MPIB2
26.95;MPIB4;SPL;53074;39.51685;0;26.3793;0.2439236;MPIB4
26.95;MPIB2;SPL;52929;21.69741;0;11.5227;0.1136671;MPIB2
27;MPIB4;SPL;53074;39.51685;0;26.3793;0.2175926;MPIB4
27;MPIB2;SPL;52929;21.69741;0;11.5227;0.1160301;MPIB2
27;MPIB2;SPL;52813;3.80729;0;21.32051;0.003423997;MPIB3
27;MPIB3;SPL;52813;3.80729;0;21.32051;0.1587577;MPIB3
27.05;MPIB4;SPL;53074;39.51685;0;26.3793;0.2014371;MPIB4
27.05;MPIB2;SPL;52929;21.69741;0;11.5227;0.09375;MPIB2
27.05;MPIB2;SPL;52813;3.80729;0;21.32051;0.003858025;MPIB3
27.05;MPIB3;SPL;52813;3.80729;0;21.32051;0.1548997;MPIB3
27.1;MPIB4;SPL;53074;39.51685;0;26.3793;0.1764082;MPIB4
27.1;MPIB2;SPL;52929;21.69741;0;11.5227;0.1140529;MPIB2
27.1;MPIB2;SPL;52813;3.80729;0;21.32051;0.002893518;MPIB3
27.1;MPIB3;SPL;52813;3.80729;0;21.32051;0.1456404;MPIB3
27.15;MPIB4;SPL;53074;39.51685;0;26.3793;0.1805073;MPIB4
27.15;MPIB2;SPL;52929;21.69741;0;11.5227;0.0945216;MPIB2
27.15;MPIB2;SPL;52813;3.80729;0;21.32051;0.001350309;MPIB3
27.15;MPIB3;SPL;52813;3.80729;0;21.32051;0.1243731;MPIB3
27.2;MPIB4;SPL;53074;39.51685;0;26.3793;0.1560089;MPIB4
27.2;MPIB2;SPL;52929;21.69741;0;11.5227;0.09567901;MPIB2
27.2;MPIB2;SPL;52813;3.80729;0;21.32051;0.0008680556;MPIB3
27.2;MPIB3;SPL;52813;3.80729;0;21.32051;0.1128472;MPIB3
27.25;MPIB4;SPL;53074;39.51685;0;26.3793;0.1465085;MPIB4
27.25;MPIB2;SPL;52929;21.69741;0;11.5227;0.09018133;MPIB2
27.25;MPIB2;SPL;52813;3.80729;0;21.32051;0.0004340278;MPIB3
27.25;MPIB3;SPL;52813;3.80729;0;21.32051;0.09992284;MPIB3
27.3;MPIB4;SPL;53074;39.51685;0;26.3793;0.1629533;MPIB4
27.3;MPIB2;SPL;52929;21.69741;0;11.5227;0.1050829;MPIB2
27.3;MPIB2;SPL;52813;3.80729;0;21.32051;0.0003375772;MPIB3
27.3;MPIB3;SPL;52813;3.80729;0;21.32051;0.09027778;MPIB3
27.35;MPIB4;SPL;53074;39.51685;0;26.3793;0.1595293;MPIB4
27.35;MPIB2;SPL;52929;21.69741;0;11.5227;0.0621142;MPIB2
27.35;MPIB2;SPL;52813;3.80729;0;21.32051;0.0001929012;MPIB3
27.35;MPIB3;SPL;52813;3.80729;0;21.32051;0.08502122;MPIB3
27.4;MPIB4;SPL;53074;39.51685;0;26.3793;0.1638214;MPIB4
27.4;MPIB3;SPL;52813;3.80729;0;21.32051;0.08347801;MPIB3
27.45;MPIB4;SPL;53074;39.51685;0;26.3793;0.08227237;MPIB4
27.45;MPIB3;SPL;52813;3.80729;0;21.32051;0.08564815;MPIB3
27.5;MPIB4;SPL;53074;39.51685;0;26.3793;0.008921682;MPIB4
27.5;MPIB3;SPL;52813;3.80729;0;21.32051;0.07576196;MPIB3
27.55;MPIB3;SPL;52813;3.80729;0;21.32051;0.08979552;MPIB3
27.6;MPIB3;SPL;52813;3.80729;0;21.32051;0.09654707;MPIB3
27.65;MPIB3;SPL;52813;3.80729;0;21.32051;0.02662037;MPIB3
27.7;MPIB3;SPL;52813;3.80729;0;21.32051;0.03100887;MPIB3
32.1;MPIB4;SPL;53114;45.12128;0;26.38103;0.256848;MPIB4
32.15;MPIB4;SPL;53114;45.12128;0;26.38103;0.2568962;MPIB4
32.2;MPIB4;SPL;53114;45.12128;0;26.38103;0.2532793;MPIB4
32.25;MPIB4;SPL;53114;45.12128;0;26.38103;0.2293596;MPIB4
32.3;MPIB4;SPL;53114;45.12128;0;26.38103;0.2099248;MPIB4
32.35;MPIB4;SPL;53114;45.12128;0;26.38103;0.1972897;MPIB4
32.4;MPIB4;SPL;53114;45.12128;0;26.38103;0.194782;MPIB4
32.45;MPIB4;SPL;53114;45.12128;0;26.38103;0.162037;MPIB4
32.5;MPIB4;SPL;53114;45.12128;0;26.38103;0.1700424;MPIB4
32.55;MPIB4;SPL;53114;45.12128;0;26.38103;0.1750096;MPIB4
32.6;MPIB4;SPL;53114;45.12128;0;26.38103;0.1710552;MPIB4
32.65;MPIB4;SPL;53114;45.12128;0;26.38103;0.0859375;MPIB4
32.7;MPIB4;SPL;53114;45.12128;0;26.38103;0.00708912;MPIB4
35.5;MPIB1;SPL;52910;18.09592;0;13.37206;0.00308642;MPIB2
35.5;MPIB2;SPL;52910;18.09592;0;13.37206;0.1393229;MPIB2
35.55;MPIB1;SPL;52910;18.09592;0;13.37206;0.00308642;MPIB2
35.55;MPIB2;SPL;52910;18.09592;0;13.37206;0.1295814;MPIB2
35.6;MPIB1;SPL;52910;18.09592;0;13.37206;0.003038194;MPIB2
35.6;MPIB2;SPL;52910;18.09592;0;13.37206;0.125434;MPIB2
35.65;MPIB1;SPL;52910;18.09592;0;13.37206;0.003231096;MPIB2
35.65;MPIB2;SPL;52910;18.09592;0;13.37206;0.1233603;MPIB2
35.7;MPIB1;SPL;52910;18.09592;0;13.37206;0.002989969;MPIB2
35.7;MPIB2;SPL;52910;18.09592;0;13.37206;0.1173322;MPIB2
35.75;MPIB1;SPL;52910;18.09592;0;13.37206;0.00318287;MPIB2
35.75;MPIB2;SPL;52910;18.09592;0;13.37206;0.09891011;MPIB2
35.8;MPIB1;SPL;52910;18.09592;0;13.37206;0.003231096;MPIB2
35.8;MPIB2;SPL;52910;18.09592;0;13.37206;0.08733603;MPIB2
35.85;MPIB1;SPL;52910;18.09592;0;13.37206;0.003279321;MPIB2
35.85;MPIB2;SPL;52910;18.09592;0;13.37206;0.08868634;MPIB2
35.9;MPIB1;SPL;52910;18.09592;0;13.37206;0.00308642;MPIB2
35.9;MPIB2;SPL;52910;18.09592;0;13.37206;0.0935571;MPIB2
35.95;MPIB1;SPL;52910;18.09592;0;13.37206;0.00318287;MPIB2
35.95;MPIB2;SPL;52910;18.09592;0;13.37206;0.07966821;MPIB2
36;MPIB1;SPL;52910;18.09592;0;13.37206;0.002652392;MPIB2
36;MPIB2;SPL;52910;18.09592;0;13.37206;0.08400849;MPIB2
36.05;MPIB1;SPL;52910;18.09592;0;13.37206;0.002797068;MPIB2
36.05;MPIB2;SPL;52910;18.09592;0;13.37206;0.07571373;MPIB2
36.1;MPIB1;SPL;52910;18.09592;0;13.37206;0.002411265;MPIB2
36.1;MPIB2;SPL;52910;18.09592;0;13.37206;0.09042245;MPIB2
36.15;MPIB1;SPL;52910;18.09592;0;13.37206;0.00154321;MPIB2
36.15;MPIB2;SPL;52910;18.09592;0;13.37206;0.03028549;MPIB2
36.2;MPIB1;SPL;52910;18.09592;0;13.37206;0.001350309;MPIB2
36.2;MPIB2;SPL;52910;18.09592;0;13.37206;0.01557677;MPIB2
36.25;MPIB1;SPL;52910;18.09592;0;13.37206;0.001687886;MPIB2
36.3;MPIB1;SPL;52910;18.09592;0;13.37206;0.001302083;MPIB2
36.35;MPIB1;SPL;52910;18.09592;0;13.37206;0.001205633;MPIB2
36.4;MPIB1;SPL;52910;18.09592;0;13.37206;0.0009645062;MPIB2
36.45;MPIB1;SPL;52910;18.09592;0;13.37206;0.0006751543;MPIB2
36.45;MPIB1;SPL;52836;4.081386;0;29.89674;0.001205633;MPIB3
36.45;MPIB2;SPL;52836;4.081386;0;29.89674;0.003954475;MPIB3
36.45;MPIB3;SPL;52836;4.081386;0;29.89674;0.2218364;MPIB3
36.5;MPIB1;SPL;52910;18.09592;0;13.37206;0.0009645062;MPIB2
36.5;MPIB1;SPL;52836;4.081386;0;29.89674;0.001253858;MPIB3
36.5;MPIB2;SPL;52836;4.081386;0;29.89674;0.004050926;MPIB3
36.5;MPIB3;SPL;52836;4.081386;0;29.89674;0.2153742;MPIB3
36.55;MPIB1;SPL;52910;18.09592;0;13.37206;0.0009645062;MPIB2
36.55;MPIB1;SPL;52836;4.081386;0;29.89674;0.001350309;MPIB3
36.55;MPIB2;SPL;52836;4.081386;0;29.89674;0.004099151;MPIB3
36.55;MPIB3;SPL;52836;4.081386;0;29.89674;0.2049093;MPIB3
36.6;MPIB1;SPL;52910;18.09592;0;13.37206;0.001060957;MPIB2
36.6;MPIB1;SPL;52836;4.081386;0;29.89674;0.001350309;MPIB3
36.6;MPIB2;SPL;52836;4.081386;0;29.89674;0.004147376;MPIB3
36.6;MPIB3;SPL;52836;4.081386;0;29.89674;0.1901524;MPIB3
36.65;MPIB1;SPL;52910;18.09592;0;13.37206;0.0008198302;MPIB2
36.65;MPIB1;SPL;52836;4.081386;0;29.89674;0.001253858;MPIB3
36.65;MPIB2;SPL;52836;4.081386;0;29.89674;0.004484954;MPIB3
36.65;MPIB3;SPL;52836;4.081386;0;29.89674;0.1717785;MPIB3
36.7;MPIB1;SPL;52910;18.09592;0;13.37206;0.0009645062;MPIB2
36.7;MPIB1;SPL;52836;4.081386;0;29.89674;0.001398534;MPIB3
36.7;MPIB2;SPL;52836;4.081386;0;29.89674;0.003568673;MPIB3
36.7;MPIB3;SPL;52836;4.081386;0;29.89674;0.1488233;MPIB3
36.75;MPIB1;SPL;52910;18.09592;0;13.37206;0.000626929;MPIB2
36.75;MPIB1;SPL;52836;4.081386;0;29.89674;0.001302083;MPIB3
36.75;MPIB2;SPL;52836;4.081386;0;29.89674;0.004292052;MPIB3
36.75;MPIB3;SPL;52836;4.081386;0;29.89674;0.1331501;MPIB3
36.8;MPIB1;SPL;52910;18.09592;0;13.37206;0.0007233796;MPIB2
36.8;MPIB1;SPL;52836;4.081386;0;29.89674;0.00163966;MPIB3
36.8;MPIB2;SPL;52836;4.081386;0;29.89674;0.003279321;MPIB3
36.8;MPIB3;SPL;52836;4.081386;0;29.89674;0.078125;MPIB3
36.85;MPIB1;SPL;52910;18.09592;0;13.37206;0.0004340278;MPIB2
36.85;MPIB1;SPL;52836;4.081386;0;29.89674;0.001494985;MPIB3
36.85;MPIB2;SPL;52836;4.081386;0;29.89674;0.003761574;MPIB3
36.85;MPIB3;SPL;52836;4.081386;0;29.89674;0.07045718;MPIB3
36.9;MPIB1;SPL;52910;18.09592;0;13.37206;0.0004340278;MPIB2
36.9;MPIB1;SPL;52836;4.081386;0;29.89674;0.00163966;MPIB3
36.9;MPIB2;SPL;52836;4.081386;0;29.89674;0.003472222;MPIB3
36.9;MPIB3;SPL;52836;4.081386;0;29.89674;0.06577932;MPIB3
36.95;MPIB1;SPL;52910;18.09592;0;13.37206;0.0006751543;MPIB2
36.95;MPIB1;SPL;52836;4.081386;0;29.89674;0.001591435;MPIB3
36.95;MPIB2;SPL;52836;4.081386;0;29.89674;0.003279321;MPIB3
36.95;MPIB3;SPL;52836;4.081386;0;29.89674;0.06105324;MPIB3
37;MPIB1;SPL;52910;18.09592;0;13.37206;0.0003858025;MPIB2
37;MPIB1;SPL;52836;4.081386;0;29.89674;0.001398534;MPIB3
37;MPIB2;SPL;52836;4.081386;0;29.89674;0.002700617;MPIB3
37;MPIB3;SPL;52836;4.081386;0;29.89674;0.0506848;MPIB3
37.05;MPIB1;SPL;52910;18.09592;0;13.37206;0.0002893519;MPIB2
37.05;MPIB1;SPL;52836;4.081386;0;29.89674;0.001446759;MPIB3
37.05;MPIB2;SPL;52836;4.081386;0;29.89674;0.002748843;MPIB3
37.05;MPIB3;SPL;52836;4.081386;0;29.89674;0.04885224;MPIB3
37.1;MPIB1;SPL;52910;18.09592;0;13.37206;0.0003858025;MPIB2
37.1;MPIB1;SPL;52836;4.081386;0;29.89674;0.001398534;MPIB3
37.1;MPIB2;SPL;52836;4.081386;0;29.89674;0.002073688;MPIB3
37.1;MPIB3;SPL;52836;4.081386;0;29.89674;0.03804977;MPIB3
37.15;MPIB1;SPL;52910;18.09592;0;13.37206;0.0002411265;MPIB2
37.15;MPIB1;SPL;52836;4.081386;0;29.89674;0.001398534;MPIB3
37.15;MPIB2;SPL;52836;4.081386;0;29.89674;0.002170139;MPIB3
37.15;MPIB3;SPL;52836;4.081386;0;29.89674;0.0310571;MPIB3
37.2;MPIB1;SPL;52910;18.09592;0;13.37206;9.645062E-05;MPIB2
37.2;MPIB1;SPL;52836;4.081386;0;29.89674;0.001060957;MPIB3
37.2;MPIB2;SPL;52836;4.081386;0;29.89674;0.001832562;MPIB3
37.2;MPIB3;SPL;52836;4.081386;0;29.89674;0.02555941;MPIB3
37.25;MPIB1;SPL;52836;4.081386;0;29.89674;0.001109182;MPIB3
37.25;MPIB2;SPL;52836;4.081386;0;29.89674;0.001784336;MPIB3
37.25;MPIB3;SPL;52836;4.081386;0;29.89674;0.02425733;MPIB3
37.3;MPIB1;SPL;52910;18.09592;0;13.37206;0.0001929012;MPIB2
37.3;MPIB1;SPL;52836;4.081386;0;29.89674;0.001012731;MPIB3
37.3;MPIB2;SPL;52836;4.081386;0;29.89674;0.001591435;MPIB3
37.3;MPIB3;SPL;52836;4.081386;0;29.89674;0.01871142;MPIB3
37.35;MPIB1;SPL;52910;18.09592;0;13.37206;9.645062E-05;MPIB2
37.35;MPIB1;SPL;52836;4.081386;0;29.89674;0.0009162808;MPIB3
37.35;MPIB2;SPL;52836;4.081386;0;29.89674;0.0009162808;MPIB3
37.35;MPIB3;SPL;52836;4.081386;0;29.89674;0.0150463;MPIB3
37.4;MPIB1;SPL;52836;4.081386;0;29.89674;0.0008198302;MPIB3
37.4;MPIB2;SPL;52836;4.081386;0;29.89674;0.001205633;MPIB3
37.4;MPIB3;SPL;52836;4.081386;0;29.89674;0.01432292;MPIB3
37.45;MPIB1;SPL;52836;4.081386;0;29.89674;0.0007716049;MPIB3
37.45;MPIB2;SPL;52836;4.081386;0;29.89674;0.001591435;MPIB3
37.45;MPIB3;SPL;52836;4.081386;0;29.89674;0.01355131;MPIB3
37.5;MPIB1;SPL;52836;4.081386;0;29.89674;0.0007716049;MPIB3
37.5;MPIB2;SPL;52836;4.081386;0;29.89674;0.0008680556;MPIB3
37.5;MPIB3;SPL;52836;4.081386;0;29.89674;0.01191165;MPIB3
37.55;MPIB1;SPL;52836;4.081386;0;29.89674;0.0006751543;MPIB3
37.55;MPIB2;SPL;52836;4.081386;0;29.89674;0.0008680556;MPIB3
37.55;MPIB3;SPL;52836;4.081386;0;29.89674;0.01306906;MPIB3
37.6;MPIB1;SPL;52836;4.081386;0;29.89674;0.000626929;MPIB3
37.6;MPIB2;SPL;52836;4.081386;0;29.89674;0.001109182;MPIB3
37.6;MPIB3;SPL;52836;4.081386;0;29.89674;0.01379244;MPIB3
37.65;MPIB1;SPL;52836;4.081386;0;29.89674;0.0006751543;MPIB3
37.65;MPIB2;SPL;52836;4.081386;0;29.89674;0.0006751543;MPIB3
37.65;MPIB3;SPL;52836;4.081386;0;29.89674;0.007764275;MPIB3
37.7;MPIB1;SPL;52836;4.081386;0;29.89674;0.0006751543;MPIB3
37.7;MPIB4;SPL;53154;51.83863;0;26.36562;0.2604649;MPIB4
37.7;MPIB2;SPL;52836;4.081386;0;29.89674;0.0005787037;MPIB3
37.7;MPIB3;SPL;52836;4.081386;0;29.89674;0.005353009;MPIB3
37.75;MPIB1;SPL;52836;4.081386;0;29.89674;0.000626929;MPIB3
37.75;MPIB4;SPL;53154;51.83863;0;26.36562;0.2937404;MPIB4
37.75;MPIB2;SPL;52836;4.081386;0;29.89674;0.0006751543;MPIB3
37.75;MPIB3;SPL;52836;4.081386;0;29.89674;0.004677855;MPIB3
37.8;MPIB1;SPL;52836;4.081386;0;29.89674;0.0003858025;MPIB3
37.8;MPIB4;SPL;53154;51.83863;0;26.36562;0.2933063;MPIB4
37.8;MPIB2;SPL;52836;4.081386;0;29.89674;0.000626929;MPIB3
37.85;MPIB1;SPL;52836;4.081386;0;29.89674;0.0005304784;MPIB3
37.85;MPIB4;SPL;53154;51.83863;0;26.36562;0.2606578;MPIB4
37.85;MPIB2;SPL;52836;4.081386;0;29.89674;0.0007233796;MPIB3
37.9;MPIB1;SPL;52836;4.081386;0;29.89674;0.0004340278;MPIB3
37.9;MPIB4;SPL;53154;51.83863;0;26.36562;0.2585841;MPIB4
37.9;MPIB2;SPL;52836;4.081386;0;29.89674;0.0004822531;MPIB3
37.9;MPIB3;SPL;52836;4.081386;0;29.89674;0.001591435;MPIB3
37.95;MPIB1;SPL;52836;4.081386;0;29.89674;0.0003375772;MPIB3
37.95;MPIB4;SPL;53154;51.83863;0;26.36562;0.209539;MPIB4
37.95;MPIB2;SPL;52836;4.081386;0;29.89674;0.0003858025;MPIB3
38;MPIB1;SPL;52836;4.081386;0;29.89674;0.0003858025;MPIB3
38;MPIB4;SPL;53154;51.83863;0;26.36562;0.1905382;MPIB4
38;MPIB2;SPL;52836;4.081386;0;29.89674;0.0003375772;MPIB3
38.05;MPIB1;SPL;52836;4.081386;0;29.89674;0.0003375772;MPIB3
38.05;MPIB4;SPL;53154;51.83863;0;26.36562;0.0120081;MPIB4
38.05;MPIB2;SPL;52836;4.081386;0;29.89674;0.0002893519;MPIB3
38.1;MPIB1;SPL;52836;4.081386;0;29.89674;0.0003375772;MPIB3
38.1;MPIB2;SPL;52836;4.081386;0;29.89674;0.0001446759;MPIB3
38.15;MPIB1;SPL;52836;4.081386;0;29.89674;0.0002411265;MPIB3
38.15;MPIB2;SPL;52836;4.081386;0;29.89674;0.0002411265;MPIB3
38.2;MPIB1;SPL;52836;4.081386;0;29.89674;0.0002411265;MPIB3
38.2;MPIB2;SPL;52836;4.081386;0;29.89674;0.0002893519;MPIB3
38.25;MPIB1;SPL;52836;4.081386;0;29.89674;0.0002411265;MPIB3
38.25;MPIB2;SPL;52836;4.081386;0;29.89674;0.0001446759;MPIB3
38.3;MPIB1;SPL;52836;4.081386;0;29.89674;4.822531E-05;MPIB3
39.75;MPIB1;SPL;53038;36.39745;0;38.43721;0.1929977;MPIB1
39.8;MPIB1;SPL;53038;36.39745;0;38.43721;0.1987365;MPIB1
39.85;MPIB1;SPL;53038;36.39745;0;38.43721;0.1973862;MPIB1
39.9;MPIB1;SPL;53038;36.39745;0;38.43721;0.1595293;MPIB1
39.95;MPIB1;SPL;53038;36.39745;0;38.43721;0.1480035;MPIB1
40;MPIB1;SPL;53038;36.39745;0;38.43721;0.1741416;MPIB1
40.05;MPIB1;SPL;53038;36.39745;0;38.43721;0.1134259;MPIB1
40.1;MPIB1;SPL;53038;36.39745;0;38.43721;0.03626543;MPIB1
40.7;MPIB1;SPL;52891;15.3;0;16.84274;0.003375772;MPIB2
40.7;MPIB2;SPL;52891;15.3;0;16.84274;0.1324267;MPIB2
40.75;MPIB1;SPL;52891;15.3;0;16.84274;0.003375772;MPIB2
40.75;MPIB2;SPL;52891;15.3;0;16.84274;0.1266397;MPIB2
40.8;MPIB1;SPL;52891;15.3;0;16.84274;0.003616898;MPIB2
40.8;MPIB2;SPL;52891;15.3;0;16.84274;0.1178144;MPIB2
40.85;MPIB1;SPL;52891;15.3;0;16.84274;0.004243827;MPIB2
40.85;MPIB2;SPL;52891;15.3;0;16.84274;0.1166088;MPIB2
40.9;MPIB1;SPL;52891;15.3;0;16.84274;0.004002701;MPIB2
40.9;MPIB2;SPL;52891;15.3;0;16.84274;0.1094714;MPIB2
40.95;MPIB1;SPL;52891;15.3;0;16.84274;0.002845293;MPIB2
40.95;MPIB2;SPL;52891;15.3;0;16.84274;0.08275463;MPIB2
40.95;MPIB3;SPL;53038;36.39745;0;38.43721;0.0002893519;MPIB1
41;MPIB1;SPL;52891;15.3;0;16.84274;0.002507716;MPIB2
41;MPIB2;SPL;52891;15.3;0;16.84274;0.07860725;MPIB2
41;MPIB3;SPL;53038;36.39745;0;38.43721;0.0002411265;MPIB1
41.05;MPIB1;SPL;52891;15.3;0;16.84274;0.002121913;MPIB2
41.05;MPIB2;SPL;52891;15.3;0;16.84274;0.08627508;MPIB2
41.05;MPIB3;SPL;53038;36.39745;0;38.43721;0.0002411265;MPIB1
41.1;MPIB1;SPL;52891;15.3;0;16.84274;0.001977238;MPIB2
41.1;MPIB2;SPL;52891;15.3;0;16.84274;0.09061535;MPIB2
41.1;MPIB3;SPL;53038;36.39745;0;38.43721;9.645062E-05;MPIB1
41.15;MPIB1;SPL;52891;15.3;0;16.84274;0.001832562;MPIB2
41.15;MPIB2;SPL;52891;15.3;0;16.84274;0.08342978;MPIB2
41.15;MPIB3;SPL;53038;36.39745;0;38.43721;9.645062E-05;MPIB1
41.2;MPIB1;SPL;52891;15.3;0;16.84274;0.001880787;MPIB2
41.2;MPIB2;SPL;52891;15.3;0;16.84274;0.09809028;MPIB2
41.2;MPIB3;SPL;53038;36.39745;0;38.43721;4.822531E-05;MPIB1
41.25;MPIB1;SPL;52891;15.3;0;16.84274;0.002025463;MPIB2
41.25;MPIB2;SPL;52891;15.3;0;16.84274;0.08704668;MPIB2
41.3;MPIB1;SPL;52891;15.3;0;16.84274;0.001880787;MPIB2
41.3;MPIB2;SPL;52891;15.3;0;16.84274;0.06847994;MPIB2
41.3;MPIB3;SPL;53038;36.39745;0;38.43721;4.822531E-05;MPIB1
41.35;MPIB1;SPL;52891;15.3;0;16.84274;0.001446759;MPIB2
41.35;MPIB2;SPL;52891;15.3;0;16.84274;0.0893615;MPIB2
41.4;MPIB1;SPL;52891;15.3;0;16.84274;0.001832562;MPIB2
41.4;MPIB2;SPL;52891;15.3;0;16.84274;0.008728781;MPIB2
41.45;MPIB1;SPL;52891;15.3;0;16.84274;0.001446759;MPIB2
41.5;MPIB1;SPL;52891;15.3;0;16.84274;0.001880787;MPIB2
41.55;MPIB1;SPL;52891;15.3;0;16.84274;0.001302083;MPIB2
41.6;MPIB1;SPL;52891;15.3;0;16.84274;0.001060957;MPIB2
41.65;MPIB1;SPL;52891;15.3;0;16.84274;0.001109182;MPIB2
41.7;MPIB1;SPL;52891;15.3;0;16.84274;0.0009645062;MPIB2
41.75;MPIB1;SPL;52891;15.3;0;16.84274;0.001060957;MPIB2
41.8;MPIB1;SPL;52891;15.3;0;16.84274;0.0009645062;MPIB2
41.85;MPIB1;SPL;52891;15.3;0;16.84274;0.0009162808;MPIB2
41.9;MPIB1;SPL;52891;15.3;0;16.84274;0.0005304784;MPIB2
41.95;MPIB1;SPL;52891;15.3;0;16.84274;0.0009162808;MPIB2
42;MPIB1;SPL;52891;15.3;0;16.84274;0.0007233796;MPIB2
42.05;MPIB1;SPL;52891;15.3;0;16.84274;0.0005304784;MPIB2
42.1;MPIB1;SPL;52891;15.3;0;16.84274;0.0005787037;MPIB2
42.15;MPIB1;SPL;52891;15.3;0;16.84274;0.000626929;MPIB2
42.2;MPIB1;SPL;52891;15.3;0;16.84274;0.0004822531;MPIB2
42.25;MPIB1;SPL;52891;15.3;0;16.84274;0.0002893519;MPIB2
42.3;MPIB1;SPL;52891;15.3;0;16.84274;0.0001446759;MPIB2
42.35;MPIB1;SPL;52891;15.3;0;16.84274;0.0001446759;MPIB2
42.4;MPIB1;SPL;52891;15.3;0;16.84274;0.0001446759;MPIB2
42.45;MPIB1;SPL;52891;15.3;0;16.84274;0.0002411265;MPIB2
42.5;MPIB1;SPL;52891;15.3;0;16.84274;0.0001929012;MPIB2
42.55;MPIB1;SPL;52891;15.3;0;16.84274;4.822531E-05;MPIB2
43.4;MPIB1;SPL;52871;13.18927;0;17.26626;0.002459491;MPIB2
43.4;MPIB2;SPL;52871;13.18927;0;17.26626;0.1573592;MPIB2
43.45;MPIB1;SPL;52871;13.18927;0;17.26626;0.002652392;MPIB2
43.45;MPIB2;SPL;52871;13.18927;0;17.26626;0.1565876;MPIB2
43.5;MPIB1;SPL;52871;13.18927;0;17.26626;0.002555941;MPIB2
43.5;MPIB2;SPL;52871;13.18927;0;17.26626;0.1499807;MPIB2
43.55;MPIB1;SPL;53017;33.23083;0;37.05057;0.1223476;MPIB1
43.55;MPIB1;SPL;52871;13.18927;0;17.26626;0.001205633;MPIB2
43.55;MPIB2;SPL;52871;13.18927;0;17.26626;0.1445795;MPIB2
43.6;MPIB1;SPL;53017;33.23083;0;37.05057;0.1480999;MPIB1
43.6;MPIB1;SPL;52871;13.18927;0;17.26626;0.002652392;MPIB2
43.6;MPIB2;SPL;52871;13.18927;0;17.26626;0.1330054;MPIB2
43.65;MPIB1;SPL;53017;33.23083;0;37.05057;0.1464603;MPIB1
43.65;MPIB1;SPL;52871;13.18927;0;17.26626;0.002652392;MPIB2
43.65;MPIB2;SPL;52871;13.18927;0;17.26626;0.1128472;MPIB2
43.7;MPIB1;SPL;53017;33.23083;0;37.05057;0.147473;MPIB1
43.7;MPIB1;SPL;52871;13.18927;0;17.26626;0.0008680556;MPIB2
43.7;MPIB2;SPL;52871;13.18927;0;17.26626;0.1053723;MPIB2
43.75;MPIB1;SPL;53017;33.23083;0;37.05057;0.2050058;MPIB1
43.75;MPIB1;SPL;52871;13.18927;0;17.26626;0.00154321;MPIB2
43.75;MPIB2;SPL;52871;13.18927;0;17.26626;0.1025752;MPIB2
43.8;MPIB1;SPL;53017;33.23083;0;37.05057;0.1856674;MPIB1
43.8;MPIB1;SPL;52871;13.18927;0;17.26626;0.001494985;MPIB2
43.8;MPIB2;SPL;52871;13.18927;0;17.26626;0.09751157;MPIB2
43.85;MPIB1;SPL;53017;33.23083;0;37.05057;0.06756366;MPIB1
43.85;MPIB1;SPL;52871;13.18927;0;17.26626;0.002604167;MPIB2
43.85;MPIB2;SPL;52871;13.18927;0;17.26626;0.08478009;MPIB2
43.9;MPIB1;SPL;53017;33.23083;0;37.05057;0.0588831;MPIB1
43.9;MPIB1;SPL;52871;13.18927;0;17.26626;0.002700617;MPIB2
43.9;MPIB2;SPL;52871;13.18927;0;17.26626;0.0861304;MPIB2
43.95;MPIB1;SPL;52871;13.18927;0;17.26626;0.002797068;MPIB2
43.95;MPIB2;SPL;52871;13.18927;0;17.26626;0.0710841;MPIB2
44;MPIB1;SPL;52871;13.18927;0;17.26626;0.002507716;MPIB2
44;MPIB2;SPL;52871;13.18927;0;17.26626;0.07749807;MPIB2
44.05;MPIB1;SPL;52871;13.18927;0;17.26626;0.001977238;MPIB2
44.05;MPIB2;SPL;52871;13.18927;0;17.26626;0.081549;MPIB2
44.1;MPIB1;SPL;52871;13.18927;0;17.26626;0.002411265;MPIB2
44.1;MPIB2;SPL;52871;13.18927;0;17.26626;0.07590663;MPIB2
44.15;MPIB1;SPL;52871;13.18927;0;17.26626;0.00226659;MPIB2
44.15;MPIB2;SPL;52871;13.18927;0;17.26626;0.05772569;MPIB2
44.2;MPIB1;SPL;52871;13.18927;0;17.26626;0.001494985;MPIB2
44.2;MPIB2;SPL;52871;13.18927;0;17.26626;0.06298225;MPIB2
44.25;MPIB1;SPL;52871;13.18927;0;17.26626;0.001929012;MPIB2
44.25;MPIB2;SPL;52871;13.18927;0;17.26626;0.0152392;MPIB2
44.3;MPIB1;SPL;52871;13.18927;0;17.26626;0.001350309;MPIB2
44.3;MPIB2;SPL;52871;13.18927;0;17.26626;0.02112268;MPIB2
44.35;MPIB1;SPL;52871;13.18927;0;17.26626;0.001012731;MPIB2
44.35;MPIB2;SPL;52871;13.18927;0;17.26626;0.003375772;MPIB2
44.4;MPIB1;SPL;52871;13.18927;0;17.26626;0.0008198302;MPIB2
44.4;MPIB2;SPL;52871;13.18927;0;17.26626;0.006462191;MPIB2
44.45;MPIB1;SPL;52871;13.18927;0;17.26626;0.001060957;MPIB2
44.45;MPIB2;SPL;52871;13.18927;0;17.26626;0.006847994;MPIB2
44.5;MPIB1;SPL;52871;13.18927;0;17.26626;0.0007716049;MPIB2
44.5;MPIB2;SPL;52871;13.18927;0;17.26626;0.008391203;MPIB2
44.55;MPIB1;SPL;52871;13.18927;0;17.26626;0.001012731;MPIB2
44.55;MPIB2;SPL;52871;13.18927;0;17.26626;0.008969908;MPIB2
44.6;MPIB1;SPL;52871;13.18927;0;17.26626;0.0006751543;MPIB2
44.6;MPIB2;SPL;52871;13.18927;0;17.26626;0.008825231;MPIB2
44.65;MPIB1;SPL;52871;13.18927;0;17.26626;0.0005304784;MPIB2
44.65;MPIB2;SPL;52871;13.18927;0;17.26626;0.009982639;MPIB2
44.7;MPIB1;SPL;52871;13.18927;0;17.26626;0.0005304784;MPIB2
44.7;MPIB2;SPL;52871;13.18927;0;17.26626;0.007426698;MPIB2
44.75;MPIB1;SPL;52871;13.18927;0;17.26626;0.0004340278;MPIB2
44.75;MPIB2;SPL;52871;13.18927;0;17.26626;0.008873457;MPIB2
44.8;MPIB1;SPL;52871;13.18927;0;17.26626;0.0005304784;MPIB2
44.8;MPIB2;SPL;52871;13.18927;0;17.26626;0.009259259;MPIB2
44.85;MPIB1;SPL;52871;13.18927;0;17.26626;0.0003375772;MPIB2
44.85;MPIB2;SPL;52871;13.18927;0;17.26626;0.01041667;MPIB2
44.9;MPIB1;SPL;52871;13.18927;0;17.26626;0.0003858025;MPIB2
44.95;MPIB1;SPL;52871;13.18927;0;17.26626;0.0003858025;MPIB2
45;MPIB1;SPL;52871;13.18927;0;17.26626;0.0007233796;MPIB2
45.05;MPIB1;SPL;52871;13.18927;0;17.26626;0.0002893519;MPIB2
45.1;MPIB1;SPL;52871;13.18927;0;17.26626;0.0002893519;MPIB2
45.15;MPIB1;SPL;52871;13.18927;0;17.26626;9.645062E-05;MPIB2
45.25;MPIB1;SPL;52871;13.18927;0;17.26626;0.0001446759;MPIB2
48.4;MPIB1;SPL;53193;59.37729;0;24.3;0.00226659;MPIB4
48.4;MPIB4;SPL;53193;59.37729;0;24.3;0.1598187;MPIB4
48.45;MPIB1;SPL;53193;59.37729;0;24.3;0.002121913;MPIB4
48.45;MPIB4;SPL;53193;59.37729;0;24.3;0.1577932;MPIB4
48.5;MPIB1;SPL;53193;59.37729;0;24.3;0.002652392;MPIB4
48.5;MPIB4;SPL;53193;59.37729;0;24.3;0.1521991;MPIB4
48.55;MPIB1;SPL;53193;59.37729;0;24.3;0.002507716;MPIB4
48.55;MPIB4;SPL;53193;59.37729;0;24.3;0.1365259;MPIB4
48.6;MPIB1;SPL;53193;59.37729;0;24.3;0.002507716;MPIB4
48.6;MPIB4;SPL;53193;59.37729;0;24.3;0.1359954;MPIB4
48.65;MPIB1;SPL;53193;59.37729;0;24.3;0.002652392;MPIB4
48.65;MPIB4;SPL;53193;59.37729;0;24.3;0.1282793;MPIB4
48.7;MPIB1;SPL;53193;59.37729;0;24.3;0.00226659;MPIB4
48.7;MPIB4;SPL;53193;59.37729;0;24.3;0.1415413;MPIB4
48.75;MPIB1;SPL;53193;59.37729;0;24.3;0.002314815;MPIB4
48.75;MPIB4;SPL;53193;59.37729;0;24.3;0.09413581;MPIB4
48.8;MPIB1;SPL;53193;59.37729;0;24.3;0.00226659;MPIB4
48.8;MPIB4;SPL;53193;59.37729;0;24.3;0.09211034;MPIB4
48.85;MPIB1;SPL;53193;59.37729;0;24.3;0.002459491;MPIB4
48.85;MPIB4;SPL;53193;59.37729;0;24.3;0.06838349;MPIB4
48.9;MPIB1;SPL;53193;59.37729;0;24.3;0.002604167;MPIB4
48.9;MPIB4;SPL;53193;59.37729;0;24.3;0.06057099;MPIB4
48.95;MPIB1;SPL;53193;59.37729;0;24.3;0.00236304;MPIB4
48.95;MPIB4;SPL;53193;59.37729;0;24.3;0.03443287;MPIB4
49;MPIB1;SPL;53193;59.37729;0;24.3;0.00236304;MPIB4
49;MPIB4;SPL;53193;59.37729;0;24.3;0.01277971;MPIB4
49.05;MPIB1;SPL;53193;59.37729;0;24.3;0.001929012;MPIB4
49.1;MPIB1;SPL;53193;59.37729;0;24.3;0.00163966;MPIB4
49.15;MPIB1;SPL;53193;59.37729;0;24.3;0.001880787;MPIB4
49.2;MPIB1;SPL;53193;59.37729;0;24.3;0.001929012;MPIB4
49.25;MPIB1;SPL;53193;59.37729;0;24.3;0.00163966;MPIB4
49.3;MPIB1;SPL;53193;59.37729;0;24.3;0.001494985;MPIB4
49.35;MPIB1;SPL;53193;59.37729;0;24.3;0.001350309;MPIB4
49.35;MPIB2;SPL;53193;59.37729;0;24.3;0.001157407;MPIB4
49.4;MPIB1;SPL;53193;59.37729;0;24.3;0.001109182;MPIB4
49.4;MPIB2;SPL;53193;59.37729;0;24.3;0.001060957;MPIB4
49.45;MPIB1;SPL;53193;59.37729;0;24.3;0.0009162808;MPIB4
49.45;MPIB2;SPL;53193;59.37729;0;24.3;0.0007716049;MPIB4
49.5;MPIB1;SPL;53193;59.37729;0;24.3;0.0008198302;MPIB4
49.5;MPIB2;SPL;53193;59.37729;0;24.3;0.0005787037;MPIB4
49.55;MPIB1;SPL;53193;59.37729;0;24.3;0.001012731;MPIB4
49.55;MPIB2;SPL;53193;59.37729;0;24.3;0.0007716049;MPIB4
49.6;MPIB1;SPL;53193;59.37729;0;24.3;0.001060957;MPIB4
49.6;MPIB2;SPL;53193;59.37729;0;24.3;0.0007233796;MPIB4
49.65;MPIB1;SPL;53193;59.37729;0;24.3;0.0007716049;MPIB4
49.65;MPIB2;SPL;53193;59.37729;0;24.3;0.0005787037;MPIB4
49.7;MPIB1;SPL;53193;59.37729;0;24.3;0.0008680556;MPIB4
49.7;MPIB2;SPL;53193;59.37729;0;24.3;0.000626929;MPIB4
49.75;MPIB1;SPL;53193;59.37729;0;24.3;0.0007716049;MPIB4
49.75;MPIB2;SPL;53193;59.37729;0;24.3;0.0004340278;MPIB4
49.8;MPIB1;SPL;53193;59.37729;0;24.3;0.0007233796;MPIB4
49.8;MPIB2;SPL;53193;59.37729;0;24.3;0.0004340278;MPIB4
49.85;MPIB1;SPL;53193;59.37729;0;24.3;0.0004822531;MPIB4
49.85;MPIB2;SPL;53193;59.37729;0;24.3;0.0002893519;MPIB4
49.85;MPIB3;SPL;53193;59.37729;0;24.3;9.645062E-05;MPIB4
49.9;MPIB1;SPL;53193;59.37729;0;24.3;0.0003375772;MPIB4
49.9;MPIB2;SPL;53193;59.37729;0;24.3;0.0003858025;MPIB4
49.9;MPIB3;SPL;53193;59.37729;0;24.3;0.0002893519;MPIB4
49.95;MPIB1;SPL;53193;59.37729;0;24.3;0.0001929012;MPIB4
49.95;MPIB2;SPL;53193;59.37729;0;24.3;0.0001446759;MPIB4
49.95;MPIB3;SPL;53193;59.37729;0;24.3;0.0004340278;MPIB4
50;MPIB1;SPL;53193;59.37729;0;24.3;0.0002411265;MPIB4
50;MPIB2;SPL;53193;59.37729;0;24.3;0.0007233796;MPIB4
50;MPIB3;SPL;53193;59.37729;0;24.3;0.0001446759;MPIB4
50.05;MPIB1;SPL;53193;59.37729;0;24.3;0.0002411265;MPIB4
50.05;MPIB2;SPL;53193;59.37729;0;24.3;0.0003375772;MPIB4
50.05;MPIB3;SPL;53193;59.37729;0;24.3;0.0002411265;MPIB4
50.1;MPIB1;SPL;53193;59.37729;0;24.3;0.0003858025;MPIB4
50.1;MPIB2;SPL;53193;59.37729;0;24.3;0.0003375772;MPIB4
50.15;MPIB1;SPL;53193;59.37729;0;24.3;0.0001929012;MPIB4
50.15;MPIB2;SPL;53193;59.37729;0;24.3;0.0003858025;MPIB4
50.2;MPIB1;SPL;53193;59.37729;0;24.3;0.0001929012;MPIB4
50.2;MPIB2;SPL;53193;59.37729;0;24.3;0.0002411265;MPIB4
50.25;MPIB1;SPL;53193;59.37729;0;24.3;0.0001446759;MPIB4
50.25;MPIB2;SPL;53193;59.37729;0;24.3;0.0001446759;MPIB4
51.6;MPIB2;SPL;52889;13.38977;0;12.23132;0.1539352;MPIB2
51.65;MPIB2;SPL;52889;13.38977;0;12.23132;0.1466532;MPIB2
51.7;MPIB2;SPL;52889;13.38977;0;12.23132;0.1392747;MPIB2
51.75;MPIB2;SPL;52889;13.38977;0;12.23132;0.1221065;MPIB2
51.8;MPIB2;SPL;52889;13.38977;0;12.23132;0.1168981;MPIB2
51.85;MPIB2;SPL;52889;13.38977;0;12.23132;0.09982639;MPIB2
51.9;MPIB2;SPL;52889;13.38977;0;12.23132;0.09620949;MPIB2
51.95;MPIB2;SPL;52889;13.38977;0;12.23132;0.0981385;MPIB2
52;MPIB2;SPL;52889;13.38977;0;12.23132;0.1030575;MPIB2
52.05;MPIB2;SPL;52889;13.38977;0;12.23132;0.07682291;MPIB2
52.1;MPIB2;SPL;52889;13.38977;0;12.23132;0.08241706;MPIB2
52.15;MPIB2;SPL;52889;13.38977;0;12.23132;0.05951003;MPIB2
52.2;MPIB2;SPL;52889;13.38977;0;12.23132;0.03997878;MPIB2
52.25;MPIB2;SPL;52889;13.38977;0;12.23132;0.02912809;MPIB2
52.3;MPIB2;SPL;52889;13.38977;0;12.23132;0.01350309;MPIB2
52.35;MPIB2;SPL;52889;13.38977;0;12.23132;0.0188561;MPIB2
56.6;MPIB1;SPL;53056;36.36396;0;33.84718;0.2149884;MPIB1
56.65;MPIB1;SPL;53056;36.36396;0;33.84718;0.2157118;MPIB1
56.7;MPIB1;SPL;53056;36.36396;0;33.84718;0.208478;MPIB1
56.75;MPIB1;SPL;53056;36.36396;0;33.84718;0.178289;MPIB1
56.8;MPIB1;SPL;53056;36.36396;0;33.84718;0.1594811;MPIB1
56.85;MPIB1;SPL;53056;36.36396;0;33.84718;0.1363329;MPIB1
56.9;MPIB1;SPL;53056;36.36396;0;33.84718;0.1260127;MPIB1
56.95;MPIB1;SPL;53056;36.36396;0;33.84718;0.1384066;MPIB1
57;MPIB1;SPL;53056;36.36396;0;33.84718;0.1530671;MPIB1
57.05;MPIB1;SPL;53056;36.36396;0;33.84718;0.1707658;MPIB1
57.1;MPIB1;SPL;53056;36.36396;0;33.84718;0.1730324;MPIB1
57.15;MPIB1;SPL;53056;36.36396;0;33.84718;0.1495949;MPIB1
57.2;MPIB1;SPL;53056;36.36396;0;33.84718;0.0550733;MPIB1
62.2;MPIB2;SPL;52849;8.785179;0;10.38381;0.1214313;MPIB2
62.25;MPIB2;SPL;52849;8.785179;0;10.38381;0.1171875;MPIB2
62.3;MPIB2;SPL;52849;8.785179;0;10.38381;0.1096161;MPIB2
62.35;MPIB2;SPL;52849;8.785179;0;10.38381;0.1321373;MPIB2
62.4;MPIB2;SPL;52849;8.785179;0;10.38381;0.1355613;MPIB2
62.45;MPIB2;SPL;52849;8.785179;0;10.38381;0.1515721;MPIB2
62.5;MPIB2;SPL;52849;8.785179;0;10.38381;0.1351755;MPIB2
62.55;MPIB2;SPL;52849;8.785179;0;10.38381;0.1456887;MPIB2
62.6;MPIB2;SPL;52849;8.785179;0;10.38381;0.0697338;MPIB2
62.65;MPIB2;SPL;52849;8.785179;0;10.38381;0.004870756;MPIB2
68.4;MPIB1;SPL;53055;40.19772;0;30.7182;0.1159336;MPIB1
68.45;MPIB1;SPL;53055;40.19772;0;30.7182;0.1199846;MPIB1
68.5;MPIB1;SPL;53055;40.19772;0;30.7182;0.119213;MPIB1
68.55;MPIB1;SPL;53055;40.19772;0;30.7182;0.1128472;MPIB1
68.6;MPIB1;SPL;53055;40.19772;0;30.7182;0.1008391;MPIB1
68.65;MPIB1;SPL;53055;40.19772;0;30.7182;0.08805941;MPIB1
68.7;MPIB1;SPL;53055;40.19772;0;30.7182;0.0823206;MPIB1
68.75;MPIB1;SPL;53055;40.19772;0;30.7182;0.07706404;MPIB1
68.8;MPIB1;SPL;53055;40.19772;0;30.7182;0.07590663;MPIB1
68.85;MPIB1;SPL;53055;40.19772;0;30.7182;0.06380209;MPIB1
68.9;MPIB1;SPL;53055;40.19772;0;30.7182;0.07161459;MPIB1
68.95;MPIB1;SPL;53055;40.19772;0;30.7182;0.07132524;MPIB1
69;MPIB1;SPL;53055;40.19772;0;30.7182;0.05415702;MPIB1
69.05;MPIB1;SPL;53055;40.19772;0;30.7182;0.05184221;MPIB1
69.1;MPIB1;SPL;53055;40.19772;0;30.7182;0.06196952;MPIB1
69.15;MPIB1;SPL;53055;40.19772;0;30.7182;0.05483218;MPIB1
69.2;MPIB1;SPL;53055;40.19772;0;30.7182;0.04431906;MPIB1
72.3;MPIB1;SPL;53015;34.64791;0;30.50319;0.1382137;MPIB1
72.35;MPIB1;SPL;53015;34.64791;0;30.50319;0.1412519;MPIB1
72.4;MPIB1;SPL;53015;34.64791;0;30.50319;0.1385995;MPIB1
72.45;MPIB1;SPL;53015;34.64791;0;30.50319;0.1259645;MPIB1
72.5;MPIB1;SPL;53015;34.64791;0;30.50319;0.1187307;MPIB1
72.55;MPIB1;SPL;53015;34.64791;0;30.50319;0.1075907;MPIB1
72.6;MPIB1;SPL;53015;34.64791;0;30.50319;0.1014661;MPIB1
72.65;MPIB1;SPL;53015;34.64791;0;30.50319;0.09341242;MPIB1
72.7;MPIB1;SPL;53015;34.64791;0;30.50319;0.08858989;MPIB1
72.75;MPIB1;SPL;53015;34.64791;0;30.50319;0.07990934;MPIB1
72.8;MPIB1;SPL;53015;34.64791;0;30.50319;0.08280285;MPIB1
72.85;MPIB1;SPL;53015;34.64791;0;30.50319;0.06110147;MPIB1
72.9;MPIB1;SPL;53015;34.64791;0;30.50319;0.05999228;MPIB1
72.95;MPIB1;SPL;53015;34.64791;0;30.50319;0.05410879;MPIB1
73;MPIB1;SPL;53015;34.64791;0;30.50319;0.05975116;MPIB1
73.05;MPIB1;SPL;53015;34.64791;0;30.50319;0.05232446;MPIB1
73.1;MPIB1;SPL;53015;34.64791;0;30.50319;0.07836612;MPIB1
73.3;MPIB3;SPL;53015;34.64791;0;30.50319;0.0002893519;MPIB1
73.35;MPIB3;SPL;53015;34.64791;0;30.50319;0.0009162808;MPIB1
73.4;MPIB3;SPL;53015;34.64791;0;30.50319;0.001012731;MPIB1
73.45;MPIB3;SPL;53015;34.64791;0;30.50319;0.0008680556;MPIB1
73.5;MPIB3;SPL;53015;34.64791;0;30.50319;0.000626929;MPIB1
73.55;MPIB3;SPL;53015;34.64791;0;30.50319;0.0005787037;MPIB1
73.6;MPIB3;SPL;53015;34.64791;0;30.50319;0.0005304784;MPIB1
73.65;MPIB3;SPL;53015;34.64791;0;30.50319;0.0005304784;MPIB1
73.7;MPIB3;SPL;53015;34.64791;0;30.50319;0.0005304784;MPIB1
73.75;MPIB3;SPL;53015;34.64791;0;30.50319;0.0002411265;MPIB1
73.8;MPIB2;SPL;53015;34.64791;0;30.50319;0.0004822531;MPIB1
73.8;MPIB3;SPL;53015;34.64791;0;30.50319;0.0002411265;MPIB1
73.85;MPIB2;SPL;53015;34.64791;0;30.50319;0.0001446759;MPIB1
73.85;MPIB3;SPL;53015;34.64791;0;30.50319;0.0002411265;MPIB1
73.9;MPIB2;SPL;53015;34.64791;0;30.50319;0.0003375772;MPIB1
73.9;MPIB3;SPL;53015;34.64791;0;30.50319;0.0002411265;MPIB1
73.95;MPIB2;SPL;53015;34.64791;0;30.50319;0.0001929012;MPIB1
73.95;MPIB3;SPL;53015;34.64791;0;30.50319;0.0002893519;MPIB1
74;MPIB2;SPL;53015;34.64791;0;30.50319;0.0003858025;MPIB1
74;MPIB3;SPL;53015;34.64791;0;30.50319;0.0002893519;MPIB1
74.05;MPIB2;SPL;53015;34.64791;0;30.50319;0.0002893519;MPIB1
74.05;MPIB3;SPL;53015;34.64791;0;30.50319;0.0002411265;MPIB1
74.1;MPIB2;SPL;53015;34.64791;0;30.50319;0.0002411265;MPIB1
74.1;MPIB3;SPL;53015;34.64791;0;30.50319;0.0001929012;MPIB1
74.15;MPIB3;SPL;53015;34.64791;0;30.50319;9.645062E-05;MPIB1
79;MPIB4;SPL;52860;6.160849;0;46.74557;0.00154321;MPIB3
79;MPIB3;SPL;52860;6.160849;0;46.74557;0.2250193;MPIB3
79.05;MPIB4;SPL;52860;6.160849;0;46.74557;0.001591435;MPIB3
79.05;MPIB3;SPL;52860;6.160849;0;46.74557;0.2927758;MPIB3
79.1;MPIB4;SPL;52860;6.160849;0;46.74557;0.001687886;MPIB3
79.1;MPIB3;SPL;52860;6.160849;0;46.74557;0.220679;MPIB3
79.15;MPIB4;SPL;52860;6.160849;0;46.74557;0.001736111;MPIB3
79.15;MPIB3;SPL;52860;6.160849;0;46.74557;0.2312886;MPIB3
79.2;MPIB4;SPL;52860;6.160849;0;46.74557;0.001591435;MPIB3
79.2;MPIB3;SPL;52860;6.160849;0;46.74557;0.3571084;MPIB3
79.25;MPIB4;SPL;52860;6.160849;0;46.74557;0.001591435;MPIB3
79.25;MPIB3;SPL;52860;6.160849;0;46.74557;0.05324074;MPIB3
79.3;MPIB4;SPL;52860;6.160849;0;46.74557;0.001687886;MPIB3
79.3;MPIB3;SPL;52860;6.160849;0;46.74557;0.0310571;MPIB3
79.35;MPIB4;SPL;52860;6.160849;0;46.74557;0.00163966;MPIB3
79.35;MPIB3;SPL;52860;6.160849;0;46.74557;0.002025463;MPIB3
79.4;MPIB4;SPL;52860;6.160849;0;46.74557;0.00154321;MPIB3
79.45;MPIB4;SPL;52860;6.160849;0;46.74557;0.00154321;MPIB3
79.5;MPIB4;SPL;52860;6.160849;0;46.74557;0.00154321;MPIB3
79.55;MPIB4;SPL;52860;6.160849;0;46.74557;0.001398534;MPIB3
79.6;MPIB4;SPL;52860;6.160849;0;46.74557;0.001302083;MPIB3
79.65;MPIB4;SPL;52860;6.160849;0;46.74557;0.001205633;MPIB3
79.7;MPIB4;SPL;52860;6.160849;0;46.74557;0.0009645062;MPIB3
79.75;MPIB4;SPL;52860;6.160849;0;46.74557;0.0009645062;MPIB3
79.8;MPIB4;SPL;52860;6.160849;0;46.74557;0.0009645062;MPIB3
79.85;MPIB4;SPL;52860;6.160849;0;46.74557;0.0008198302;MPIB3
79.9;MPIB4;SPL;52860;6.160849;0;46.74557;0.0005787037;MPIB3
79.95;MPIB4;SPL;52860;6.160849;0;46.74557;0.0008198302;MPIB3
80;MPIB4;SPL;52860;6.160849;0;46.74557;0.0009162808;MPIB3
80.05;MPIB4;SPL;52860;6.160849;0;46.74557;0.000626929;MPIB3
80.1;MPIB4;SPL;52860;6.160849;0;46.74557;0.0006751543;MPIB3
80.15;MPIB4;SPL;52860;6.160849;0;46.74557;0.0007716049;MPIB3
80.2;MPIB4;SPL;52860;6.160849;0;46.74557;0.0004340278;MPIB3
80.25;MPIB4;SPL;52860;6.160849;0;46.74557;0.0004822531;MPIB3
80.3;MPIB4;SPL;52860;6.160849;0;46.74557;0.0007716049;MPIB3
80.35;MPIB4;SPL;52860;6.160849;0;46.74557;0.0003858025;MPIB3
80.4;MPIB1;SPL;53086;45.3;0;2.653852;0.002170139;MPIB4
80.4;MPIB4;SPL;53086;45.3;0;2.653852;0.1919367;MPIB4
80.4;MPIB4;SPL;52860;6.160849;0;46.74557;0.0004340278;MPIB3
80.45;MPIB1;SPL;53086;45.3;0;2.653852;0.002459491;MPIB4
80.45;MPIB4;SPL;53086;45.3;0;2.653852;0.1895737;MPIB4
80.45;MPIB4;SPL;52860;6.160849;0;46.74557;0.0004822531;MPIB3
80.5;MPIB1;SPL;53086;45.3;0;2.653852;0.002459491;MPIB4
80.5;MPIB4;SPL;53086;45.3;0;2.653852;0.199267;MPIB4
80.5;MPIB4;SPL;52860;6.160849;0;46.74557;0.0002411265;MPIB3
80.55;MPIB1;SPL;53086;45.3;0;2.653852;0.002652392;MPIB4
80.55;MPIB4;SPL;53086;45.3;0;2.653852;0.1719715;MPIB4
80.55;MPIB4;SPL;52860;6.160849;0;46.74557;0.0004340278;MPIB3
80.6;MPIB1;SPL;53086;45.3;0;2.653852;0.002652392;MPIB4
80.6;MPIB4;SPL;53086;45.3;0;2.653852;0.1555748;MPIB4
80.6;MPIB4;SPL;52860;6.160849;0;46.74557;0.0002893519;MPIB3
80.65;MPIB1;SPL;53086;45.3;0;2.653852;0.002845293;MPIB4
80.65;MPIB4;SPL;53086;45.3;0;2.653852;0.1112076;MPIB4
80.65;MPIB4;SPL;52860;6.160849;0;46.74557;9.645062E-05;MPIB3
80.7;MPIB1;SPL;53086;45.3;0;2.653852;0.002652392;MPIB4
80.7;MPIB4;SPL;53086;45.3;0;2.653852;0.118586;MPIB4
80.7;MPIB4;SPL;52860;6.160849;0;46.74557;9.645062E-05;MPIB3
80.75;MPIB1;SPL;53086;45.3;0;2.653852;0.002893518;MPIB4
80.75;MPIB4;SPL;53086;45.3;0;2.653852;0.1253376;MPIB4
80.75;MPIB4;SPL;52860;6.160849;0;46.74557;0.0002893519;MPIB3
80.8;MPIB1;SPL;53086;45.3;0;2.653852;0.002700617;MPIB4
80.8;MPIB4;SPL;53086;45.3;0;2.653852;0.1261092;MPIB4
80.8;MPIB4;SPL;52860;6.160849;0;46.74557;0.0001446759;MPIB3
80.85;MPIB1;SPL;53086;45.3;0;2.653852;0.002170139;MPIB4
80.85;MPIB4;SPL;53086;45.3;0;2.653852;0.1402392;MPIB4
80.9;MPIB1;SPL;53086;45.3;0;2.653852;0.00226659;MPIB4
80.9;MPIB4;SPL;53086;45.3;0;2.653852;0.09587191;MPIB4
80.95;MPIB1;SPL;53086;45.3;0;2.653852;0.001929012;MPIB4
80.95;MPIB4;SPL;53086;45.3;0;2.653852;0.1011285;MPIB4
81;MPIB1;SPL;53086;45.3;0;2.653852;0.002025463;MPIB4
81.05;MPIB1;SPL;53086;45.3;0;2.653852;0.001736111;MPIB4
81.1;MPIB1;SPL;53086;45.3;0;2.653852;0.001591435;MPIB4
81.15;MPIB1;SPL;53086;45.3;0;2.653852;0.001446759;MPIB4
81.2;MPIB1;SPL;53086;45.3;0;2.653852;0.001109182;MPIB4
81.25;MPIB1;SPL;53086;45.3;0;2.653852;0.001302083;MPIB4
81.3;MPIB1;SPL;53086;45.3;0;2.653852;0.001253858;MPIB4
81.35;MPIB1;SPL;53086;45.3;0;2.653852;0.001109182;MPIB4
81.4;MPIB1;SPL;53086;45.3;0;2.653852;0.001157407;MPIB4
81.45;MPIB1;SPL;53086;45.3;0;2.653852;0.0008680556;MPIB4
81.5;MPIB1;SPL;53086;45.3;0;2.653852;0.0009645062;MPIB4
81.55;MPIB1;SPL;53086;45.3;0;2.653852;0.000626929;MPIB4
81.6;MPIB1;SPL;53086;45.3;0;2.653852;0.001060957;MPIB4
81.65;MPIB1;SPL;53086;45.3;0;2.653852;0.0006751543;MPIB4
81.7;MPIB1;SPL;53086;45.3;0;2.653852;0.0007716049;MPIB4
81.75;MPIB1;SPL;53086;45.3;0;2.653852;0.0003858025;MPIB4
81.8;MPIB1;SPL;53086;45.3;0;2.653852;0.0002411265;MPIB4
81.85;MPIB1;SPL;53086;45.3;0;2.653852;0.0002411265;MPIB4
81.9;MPIB1;SPL;53086;45.3;0;2.653852;0.0004340278;MPIB4
81.95;MPIB1;SPL;53086;45.3;0;2.653852;0.0003375772;MPIB4
82;MPIB1;SPL;53086;45.3;0;2.653852;0.0003375772;MPIB4
82.05;MPIB1;SPL;53086;45.3;0;2.653852;0.0004340278;MPIB4
82.1;MPIB1;SPL;53086;45.3;0;2.653852;0.0002893519;MPIB4
82.15;MPIB1;SPL;53086;45.3;0;2.653852;0.0001446759;MPIB4
82.2;MPIB1;SPL;53086;45.3;0;2.653852;0.0001929012;MPIB4
82.25;MPIB1;SPL;53086;45.3;0;2.653852;9.645062E-05;MPIB4
82.75;MPIB2;SPL;52901;12.12796;0;46.39624;0.00308642;MPIB3
82.75;MPIB3;SPL;52901;12.12796;0;46.39624;0.1730806;MPIB3
82.8;MPIB2;SPL;52901;12.12796;0;46.39624;0.003568673;MPIB3
82.8;MPIB3;SPL;52901;12.12796;0;46.39624;0.1765529;MPIB3
82.85;MPIB2;SPL;52901;12.12796;0;46.39624;0.003423997;MPIB3
82.85;MPIB3;SPL;52901;12.12796;0;46.39624;0.1757813;MPIB3
82.9;MPIB2;SPL;52901;12.12796;0;46.39624;0.002893518;MPIB3
82.9;MPIB3;SPL;52901;12.12796;0;46.39624;0.161603;MPIB3
82.95;MPIB2;SPL;52901;12.12796;0;46.39624;0.001157407;MPIB3
82.95;MPIB3;SPL;52901;12.12796;0;46.39624;0.1472319;MPIB3
83;MPIB2;SPL;52901;12.12796;0;46.39624;0.0001446759;MPIB3
83;MPIB3;SPL;52901;12.12796;0;46.39624;0.1287616;MPIB3
83.05;MPIB2;SPL;52901;12.12796;0;46.39624;4.822531E-05;MPIB3
83.05;MPIB3;SPL;52901;12.12796;0;46.39624;0.1193094;MPIB3
83.1;MPIB3;SPL;52901;12.12796;0;46.39624;0.107446;MPIB3
83.15;MPIB3;SPL;52901;12.12796;0;46.39624;0.1125096;MPIB3
83.2;MPIB3;SPL;52901;12.12796;0;46.39624;0.09683642;MPIB3
83.25;MPIB3;SPL;52901;12.12796;0;46.39624;0.1012249;MPIB3
83.3;MPIB3;SPL;52901;12.12796;0;46.39624;0.1111593;MPIB3
83.35;MPIB3;SPL;52901;12.12796;0;46.39624;0.1794946;MPIB3
83.4;MPIB3;SPL;52901;12.12796;0;46.39624;0.09842785;MPIB3
83.45;MPIB3;SPL;52901;12.12796;0;46.39624;0.01683063;MPIB3
89.9;MPIB2;SPL;52943;18.34287;0;51.42926;0.001350309;MPIB3
89.9;MPIB3;SPL;52943;18.34287;0;51.42926;0.1706211;MPIB3
89.95;MPIB2;SPL;52943;18.34287;0;51.42926;0.001302083;MPIB3
89.95;MPIB3;SPL;52943;18.34287;0;51.42926;0.1687886;MPIB3
90;MPIB2;SPL;52943;18.34287;0;51.42926;0.001398534;MPIB3
90;MPIB3;SPL;52943;18.34287;0;51.42926;0.1658468;MPIB3
90.05;MPIB2;SPL;52943;18.34287;0;51.42926;0.001302083;MPIB3
90.05;MPIB3;SPL;52943;18.34287;0;51.42926;0.147473;MPIB3
90.1;MPIB2;SPL;52943;18.34287;0;51.42926;0.001157407;MPIB3
90.1;MPIB3;SPL;52943;18.34287;0;51.42926;0.1439525;MPIB3
90.15;MPIB2;SPL;52943;18.34287;0;51.42926;0.001446759;MPIB3
90.15;MPIB3;SPL;52943;18.34287;0;51.42926;0.1284722;MPIB3
90.2;MPIB2;SPL;52943;18.34287;0;51.42926;0.001350309;MPIB3
90.2;MPIB3;SPL;52943;18.34287;0;51.42926;0.1118827;MPIB3
90.25;MPIB2;SPL;52943;18.34287;0;51.42926;0.001205633;MPIB3
90.25;MPIB3;SPL;52943;18.34287;0;51.42926;0.1214313;MPIB3
90.3;MPIB2;SPL;52943;18.34287;0;51.42926;0.001109182;MPIB3
90.3;MPIB3;SPL;52943;18.34287;0;51.42926;0.1310764;MPIB3
90.35;MPIB2;SPL;52943;18.34287;0;51.42926;0.001205633;MPIB3
90.35;MPIB3;SPL;52943;18.34287;0;51.42926;0.1300637;MPIB3
90.4;MPIB2;SPL;52943;18.34287;0;51.42926;0.0007233796;MPIB3
90.4;MPIB3;SPL;52943;18.34287;0;51.42926;0.1493538;MPIB3
90.45;MPIB2;SPL;52943;18.34287;0;51.42926;0.0007233796;MPIB3
90.45;MPIB3;SPL;52943;18.34287;0;51.42926;0.1996528;MPIB3
90.5;MPIB2;SPL;52943;18.34287;0;51.42926;0.000626929;MPIB3
90.5;MPIB3;SPL;52943;18.34287;0;51.42926;0.148341;MPIB3
90.55;MPIB2;SPL;52943;18.34287;0;51.42926;0.0004822531;MPIB3
90.55;MPIB3;SPL;52943;18.34287;0;51.42926;0.03313079;MPIB3
90.6;MPIB2;SPL;52943;18.34287;0;51.42926;0.0002893519;MPIB3
90.65;MPIB2;SPL;52943;18.34287;0;51.42926;0.0002893519;MPIB3
90.7;MPIB2;SPL;52943;18.34287;0;51.42926;0.0003858025;MPIB3
90.75;MPIB2;SPL;52943;18.34287;0;51.42926;0.0002411265;MPIB3
90.8;MPIB2;SPL;52943;18.34287;0;51.42926;0.0002411265;MPIB3
90.85;MPIB2;SPL;52943;18.34287;0;51.42926;0.0002411265;MPIB3
90.9;MPIB2;SPL;52943;18.34287;0;51.42926;0.0002893519;MPIB3
90.95;MPIB2;SPL;52943;18.34287;0;51.42926;0.0001446759;MPIB3
91;MPIB2;SPL;52943;18.34287;0;51.42926;0.0001446759;MPIB3
91.05;MPIB2;SPL;52943;18.34287;0;51.42926;0.0001929012;MPIB3
91.1;MPIB1;SPL;53006;34.52214;0;2.673986;0.004484954;MPIB4
91.1;MPIB4;SPL;53006;34.52214;0;2.673986;0.1861979;MPIB4
91.1;MPIB2;SPL;52943;18.34287;0;51.42926;0.0001929012;MPIB3
91.15;MPIB1;SPL;53006;34.52214;0;2.673986;0.003954475;MPIB4
91.15;MPIB4;SPL;53006;34.52214;0;2.673986;0.1861015;MPIB4
91.15;MPIB2;SPL;52943;18.34287;0;51.42926;0.0002893519;MPIB3
91.2;MPIB1;SPL;53006;34.52214;0;2.673986;0.004099151;MPIB4
91.2;MPIB4;SPL;53006;34.52214;0;2.673986;0.1808449;MPIB4
91.2;MPIB2;SPL;52943;18.34287;0;51.42926;0.0002411265;MPIB3
91.25;MPIB1;SPL;53006;34.52214;0;2.673986;0.004340278;MPIB4
91.25;MPIB4;SPL;53006;34.52214;0;2.673986;0.1640143;MPIB4
91.25;MPIB2;SPL;52943;18.34287;0;51.42926;9.645062E-05;MPIB3
91.3;MPIB1;SPL;53006;34.52214;0;2.673986;0.003568673;MPIB4
91.3;MPIB4;SPL;53006;34.52214;0;2.673986;0.1557195;MPIB4
91.3;MPIB2;SPL;52943;18.34287;0;51.42926;0.0003375772;MPIB3
91.35;MPIB1;SPL;53006;34.52214;0;2.673986;0.003375772;MPIB4
91.35;MPIB4;SPL;53006;34.52214;0;2.673986;0.1462191;MPIB4
91.35;MPIB2;SPL;52943;18.34287;0;51.42926;0.0004340278;MPIB3
91.4;MPIB1;SPL;53006;34.52214;0;2.673986;0.002989969;MPIB4
91.4;MPIB4;SPL;53006;34.52214;0;2.673986;0.1330054;MPIB4
91.4;MPIB2;SPL;52943;18.34287;0;51.42926;0.0003375772;MPIB3
91.45;MPIB1;SPL;53006;34.52214;0;2.673986;0.003279321;MPIB4
91.45;MPIB4;SPL;53006;34.52214;0;2.673986;0.1081694;MPIB4
91.45;MPIB2;SPL;52943;18.34287;0;51.42926;0.000626929;MPIB3
91.5;MPIB1;SPL;53006;34.52214;0;2.673986;0.003038194;MPIB4
91.5;MPIB4;SPL;53006;34.52214;0;2.673986;0.0819348;MPIB4
91.5;MPIB2;SPL;52943;18.34287;0;51.42926;0.0002411265;MPIB3
91.55;MPIB1;SPL;53006;34.52214;0;2.673986;0.002700617;MPIB4
91.55;MPIB4;SPL;53006;34.52214;0;2.673986;0.1187307;MPIB4
91.55;MPIB2;SPL;52943;18.34287;0;51.42926;0.0002411265;MPIB3
91.6;MPIB1;SPL;53006;34.52214;0;2.673986;0.002700617;MPIB4
91.6;MPIB4;SPL;53006;34.52214;0;2.673986;0.1232157;MPIB4
91.6;MPIB2;SPL;52943;18.34287;0;51.42926;0.0002411265;MPIB3
91.65;MPIB1;SPL;53006;34.52214;0;2.673986;0.001977238;MPIB4
91.65;MPIB4;SPL;53006;34.52214;0;2.673986;0.08791474;MPIB4
91.65;MPIB2;SPL;52943;18.34287;0;51.42926;0.0004340278;MPIB3
91.7;MPIB1;SPL;53006;34.52214;0;2.673986;0.002170139;MPIB4
91.7;MPIB2;SPL;52943;18.34287;0;51.42926;4.822531E-05;MPIB3
91.75;MPIB1;SPL;53006;34.52214;0;2.673986;0.001253858;MPIB4
91.8;MPIB1;SPL;53006;34.52214;0;2.673986;0.001494985;MPIB4
91.85;MPIB1;SPL;53006;34.52214;0;2.673986;0.00163966;MPIB4
91.9;MPIB1;SPL;53006;34.52214;0;2.673986;0.001446759;MPIB4
91.95;MPIB1;SPL;53006;34.52214;0;2.673986;0.00154321;MPIB4
92;MPIB1;SPL;53006;34.52214;0;2.673986;0.0008198302;MPIB4
92.05;MPIB1;SPL;53006;34.52214;0;2.673986;0.001012731;MPIB4
92.1;MPIB1;SPL;53006;34.52214;0;2.673986;0.0005304784;MPIB4
92.15;MPIB1;SPL;53006;34.52214;0;2.673986;0.0009645062;MPIB4
92.2;MPIB1;SPL;53006;34.52214;0;2.673986;0.0007716049;MPIB4
92.25;MPIB1;SPL;53006;34.52214;0;2.673986;0.0006751543;MPIB4
92.3;MPIB1;SPL;53006;34.52214;0;2.673986;0.0008198302;MPIB4
92.35;MPIB1;SPL;53006;34.52214;0;2.673986;0.0003375772;MPIB4
92.4;MPIB1;SPL;53006;34.52214;0;2.673986;0.0003858025;MPIB4
92.45;MPIB1;SPL;53006;34.52214;0;2.673986;0.0002893519;MPIB4
92.5;MPIB1;SPL;53006;34.52214;0;2.673986;0.0003858025;MPIB4
92.55;MPIB1;SPL;53006;34.52214;0;2.673986;0.0002411265;MPIB4
92.6;MPIB1;SPL;53006;34.52214;0;2.673986;0.0003375772;MPIB4
92.65;MPIB1;SPL;53006;34.52214;0;2.673986;0.0003858025;MPIB4
92.7;MPIB1;SPL;53006;34.52214;0;2.673986;0.0003858025;MPIB4
92.75;MPIB1;SPL;53006;34.52214;0;2.673986;0.0002411265;MPIB4
92.8;MPIB1;SPL;53006;34.52214;0;2.673986;0.0002411265;MPIB4
92.8;MPIB4;SPL;52876;11.5489;0;31.7;0.0003858025;MPIB2
92.8;MPIB2;SPL;52876;11.5489;0;31.7;0.1418789;MPIB2
92.85;MPIB1;SPL;53006;34.52214;0;2.673986;9.645062E-05;MPIB4
92.85;MPIB4;SPL;52876;11.5489;0;31.7;0.0003375772;MPIB2
92.85;MPIB2;SPL;52876;11.5489;0;31.7;0.1385513;MPIB2
92.9;MPIB1;SPL;53006;34.52214;0;2.673986;9.645062E-05;MPIB4
92.9;MPIB4;SPL;52876;11.5489;0;31.7;0.0003375772;MPIB2
92.9;MPIB2;SPL;52876;11.5489;0;31.7;0.1341146;MPIB2
92.95;MPIB1;SPL;53006;34.52214;0;2.673986;9.645062E-05;MPIB4
92.95;MPIB4;SPL;52876;11.5489;0;31.7;0.0003375772;MPIB2
92.95;MPIB2;SPL;52876;11.5489;0;31.7;0.1227816;MPIB2
93;MPIB4;SPL;52876;11.5489;0;31.7;0.0002893519;MPIB2
93;MPIB2;SPL;52876;11.5489;0;31.7;0.1258681;MPIB2
93.05;MPIB4;SPL;52876;11.5489;0;31.7;0.0001446759;MPIB2
93.05;MPIB2;SPL;52876;11.5489;0;31.7;0.1068191;MPIB2
93.1;MPIB4;SPL;52876;11.5489;0;31.7;4.822531E-05;MPIB2
93.1;MPIB2;SPL;52876;11.5489;0;31.7;0.09008487;MPIB2
93.15;MPIB4;SPL;52876;11.5489;0;31.7;4.822531E-05;MPIB2
93.15;MPIB2;SPL;52876;11.5489;0;31.7;0.08709491;MPIB2
93.2;MPIB4;SPL;52876;11.5489;0;31.7;4.822531E-05;MPIB2
93.2;MPIB2;SPL;52876;11.5489;0;31.7;0.09891011;MPIB2
93.25;MPIB4;SPL;52876;11.5489;0;31.7;4.822531E-05;MPIB2
93.25;MPIB2;SPL;52876;11.5489;0;31.7;0.09302662;MPIB2
93.3;MPIB2;SPL;52876;11.5489;0;31.7;0.08892747;MPIB2
93.35;MPIB2;SPL;52876;11.5489;0;31.7;0.09027778;MPIB2
93.4;MPIB2;SPL;52876;11.5489;0;31.7;0.04374035;MPIB2
93.8;MPIB1;SPL;52986;31.0785;0;2.684218;0.003375772;MPIB4
93.8;MPIB4;SPL;52986;31.0785;0;2.684218;0.1860532;MPIB4
93.85;MPIB1;SPL;52986;31.0785;0;2.684218;0.003423997;MPIB4
93.85;MPIB4;SPL;52986;31.0785;0;2.684218;0.1786265;MPIB4
93.9;MPIB1;SPL;52986;31.0785;0;2.684218;0.00318287;MPIB4
93.9;MPIB4;SPL;52986;31.0785;0;2.684218;0.1765046;MPIB4
93.95;MPIB1;SPL;52986;31.0785;0;2.684218;0.003231096;MPIB4
93.95;MPIB4;SPL;52986;31.0785;0;2.684218;0.1582272;MPIB4
94;MPIB1;SPL;52986;31.0785;0;2.684218;0.00308642;MPIB4
94;MPIB4;SPL;52986;31.0785;0;2.684218;0.1452546;MPIB4
94.05;MPIB1;SPL;52986;31.0785;0;2.684218;0.00318287;MPIB4
94.05;MPIB4;SPL;52986;31.0785;0;2.684218;0.1207562;MPIB4
94.1;MPIB1;SPL;52986;31.0785;0;2.684218;0.003327546;MPIB4
94.1;MPIB4;SPL;52986;31.0785;0;2.684218;0.121142;MPIB4
94.15;MPIB1;SPL;52986;31.0785;0;2.684218;0.002893518;MPIB4
94.15;MPIB4;SPL;52986;31.0785;0;2.684218;0.1203704;MPIB4
94.2;MPIB1;SPL;52986;31.0785;0;2.684218;0.002893518;MPIB4
94.2;MPIB4;SPL;52986;31.0785;0;2.684218;0.1029128;MPIB4
94.25;MPIB1;SPL;52986;31.0785;0;2.684218;0.003568673;MPIB4
94.25;MPIB4;SPL;52986;31.0785;0;2.684218;0.08463541;MPIB4
94.3;MPIB1;SPL;52986;31.0785;0;2.684218;0.002218364;MPIB4
94.3;MPIB4;SPL;52986;31.0785;0;2.684218;0.07166281;MPIB4
94.35;MPIB1;SPL;52986;31.0785;0;2.684218;0.002700617;MPIB4
94.35;MPIB4;SPL;52986;31.0785;0;2.684218;0.09645062;MPIB4
94.4;MPIB1;SPL;52986;31.0785;0;2.684218;0.002459491;MPIB4
94.4;MPIB4;SPL;52986;31.0785;0;2.684218;0.0975598;MPIB4
94.45;MPIB1;SPL;52986;31.0785;0;2.684218;0.002314815;MPIB4
94.45;MPIB4;SPL;52986;31.0785;0;2.684218;0.04137731;MPIB4
94.5;MPIB1;SPL;52986;31.0785;0;2.684218;0.001929012;MPIB4
94.55;MPIB1;SPL;52986;31.0785;0;2.684218;0.002170139;MPIB4
94.6;MPIB1;SPL;52986;31.0785;0;2.684218;0.001736111;MPIB4
94.65;MPIB1;SPL;52986;31.0785;0;2.684218;0.001446759;MPIB4
94.7;MPIB1;SPL;52986;31.0785;0;2.684218;0.001253858;MPIB4
94.75;MPIB1;SPL;52986;31.0785;0;2.684218;0.001060957;MPIB4
94.8;MPIB1;SPL;52986;31.0785;0;2.684218;0.001253858;MPIB4
94.85;MPIB1;SPL;52986;31.0785;0;2.684218;0.001253858;MPIB4
94.9;MPIB1;SPL;52986;31.0785;0;2.684218;0.001157407;MPIB4
94.95;MPIB1;SPL;52986;31.0785;0;2.684218;0.001157407;MPIB4
95;MPIB1;SPL;52986;31.0785;0;2.684218;0.001012731;MPIB4
95.05;MPIB1;SPL;52986;31.0785;0;2.684218;0.0007716049;MPIB4
95.1;MPIB1;SPL;52986;31.0785;0;2.684218;0.001012731;MPIB4
95.15;MPIB1;SPL;52986;31.0785;0;2.684218;0.000626929;MPIB4
95.2;MPIB1;SPL;52986;31.0785;0;2.684218;0.0006751543;MPIB4
95.25;MPIB1;SPL;52986;31.0785;0;2.684218;0.0004340278;MPIB4
95.3;MPIB1;SPL;52986;31.0785;0;2.684218;0.000626929;MPIB4
95.35;MPIB1;SPL;52986;31.0785;0;2.684218;0.0002893519;MPIB4
95.4;MPIB1;SPL;52986;31.0785;0;2.684218;0.0001929012;MPIB4
95.45;MPIB1;SPL;52986;31.0785;0;2.684218;0.0001929012;MPIB4
95.5;MPIB1;SPL;52986;31.0785;0;2.684218;0.0004340278;MPIB4
95.55;MPIB1;SPL;52986;31.0785;0;2.684218;4.822531E-05;MPIB4
95.6;MPIB1;SPL;52986;31.0785;0;2.684218;9.645062E-05;MPIB4
96.15;MPIB1;SPL;53051;39.69725;0;18.72614;0.1301601;MPIB1
96.15;MPIB2;SPL;53051;39.69725;0;18.72614;0.003616898;MPIB1
96.2;MPIB1;SPL;53051;39.69725;0;18.72614;0.1677276;MPIB1
96.2;MPIB2;SPL;53051;39.69725;0;18.72614;0.003375772;MPIB1
96.25;MPIB1;SPL;53051;39.69725;0;18.72614;0.2279128;MPIB1
96.25;MPIB2;SPL;53051;39.69725;0;18.72614;0.003616898;MPIB1
96.3;MPIB1;SPL;53051;39.69725;0;18.72614;0.2940297;MPIB1
96.3;MPIB2;SPL;53051;39.69725;0;18.72614;0.004050926;MPIB1
96.35;MPIB1;SPL;53051;39.69725;0;18.72614;0.1471836;MPIB1
96.35;MPIB2;SPL;53051;39.69725;0;18.72614;0.003954475;MPIB1
96.4;MPIB1;SPL;53051;39.69725;0;18.72614;0.1383584;MPIB1
96.4;MPIB2;SPL;53051;39.69725;0;18.72614;0.003809799;MPIB1
96.45;MPIB1;SPL;53051;39.69725;0;18.72614;0.1378762;MPIB1
96.45;MPIB1;SPL;52966;28.70822;0;2.665457;0.003858025;MPIB4
96.45;MPIB4;SPL;52966;28.70822;0;2.665457;0.1874035;MPIB4
96.45;MPIB2;SPL;53051;39.69725;0;18.72614;0.003713349;MPIB1
96.5;MPIB1;SPL;52966;28.70822;0;2.665457;0.006076389;MPIB4
96.5;MPIB1;SPL;53051;39.69725;0;18.72614;0.1250482;MPIB1
96.5;MPIB4;SPL;52966;28.70822;0;2.665457;0.1833526;MPIB4
96.5;MPIB2;SPL;53051;39.69725;0;18.72614;0.003038194;MPIB1
96.55;MPIB1;SPL;52966;28.70822;0;2.665457;0.0003858025;MPIB4
96.55;MPIB1;SPL;53051;39.69725;0;18.72614;0.07725695;MPIB1
96.55;MPIB4;SPL;52966;28.70822;0;2.665457;0.1816165;MPIB4
96.55;MPIB2;SPL;53051;39.69725;0;18.72614;0.00318287;MPIB1
96.6;MPIB4;SPL;52966;28.70822;0;2.665457;0.1661362;MPIB4
96.6;MPIB2;SPL;53051;39.69725;0;18.72614;0.003134645;MPIB1
96.65;MPIB4;SPL;52966;28.70822;0;2.665457;0.1516204;MPIB4
96.65;MPIB2;SPL;53051;39.69725;0;18.72614;0.002797068;MPIB1
96.7;MPIB4;SPL;52966;28.70822;0;2.665457;0.1289063;MPIB4
96.7;MPIB2;SPL;53051;39.69725;0;18.72614;0.002411265;MPIB1
96.75;MPIB4;SPL;52966;28.70822;0;2.665457;0.1292438;MPIB4
96.75;MPIB2;SPL;53051;39.69725;0;18.72614;0.002652392;MPIB1
96.8;MPIB1;SPL;52966;28.70822;0;2.665457;0.001302083;MPIB4
96.8;MPIB4;SPL;52966;28.70822;0;2.665457;0.1261092;MPIB4
96.8;MPIB2;SPL;53051;39.69725;0;18.72614;0.002121913;MPIB1
96.85;MPIB1;SPL;52966;28.70822;0;2.665457;0.001687886;MPIB4
96.85;MPIB4;SPL;52966;28.70822;0;2.665457;0.1056617;MPIB4
96.85;MPIB2;SPL;53051;39.69725;0;18.72614;0.001832562;MPIB1
96.9;MPIB1;SPL;52966;28.70822;0;2.665457;0.001157407;MPIB4
96.9;MPIB4;SPL;52966;28.70822;0;2.665457;0.0853588;MPIB4
96.9;MPIB2;SPL;53051;39.69725;0;18.72614;0.001591435;MPIB1
96.95;MPIB1;SPL;52966;28.70822;0;2.665457;0.00154321;MPIB4
96.95;MPIB4;SPL;52966;28.70822;0;2.665457;0.07523149;MPIB4
96.95;MPIB2;SPL;53051;39.69725;0;18.72614;0.001929012;MPIB1
97;MPIB1;SPL;52966;28.70822;0;2.665457;0.0006751543;MPIB4
97;MPIB4;SPL;52966;28.70822;0;2.665457;0.1086034;MPIB4
97;MPIB2;SPL;53051;39.69725;0;18.72614;0.001446759;MPIB1
97.05;MPIB1;SPL;52966;28.70822;0;2.665457;0.0002411265;MPIB4
97.05;MPIB4;SPL;52966;28.70822;0;2.665457;0.09100116;MPIB4
97.05;MPIB2;SPL;53051;39.69725;0;18.72614;0.001205633;MPIB1
97.1;MPIB4;SPL;52966;28.70822;0;2.665457;0.03771219;MPIB4
97.1;MPIB2;SPL;53051;39.69725;0;18.72614;0.0008680556;MPIB1
97.15;MPIB2;SPL;53051;39.69725;0;18.72614;0.0009645062;MPIB1
97.2;MPIB2;SPL;53051;39.69725;0;18.72614;0.0008198302;MPIB1
97.25;MPIB2;SPL;53051;39.69725;0;18.72614;0.001157407;MPIB1
97.3;MPIB2;SPL;53051;39.69725;0;18.72614;0.0006751543;MPIB1
97.35;MPIB2;SPL;53051;39.69725;0;18.72614;0.000626929;MPIB1
97.4;MPIB1;SPL;52966;28.70822;0;2.665457;0.0001446759;MPIB4
97.4;MPIB2;SPL;53051;39.69725;0;18.72614;0.0005304784;MPIB1
97.45;MPIB1;SPL;52966;28.70822;0;2.665457;4.822531E-05;MPIB4
97.45;MPIB2;SPL;53051;39.69725;0;18.72614;0.0001929012;MPIB1
97.5;MPIB1;SPL;52966;28.70822;0;2.665457;9.645062E-05;MPIB4
97.5;MPIB2;SPL;53051;39.69725;0;18.72614;0.0005304784;MPIB1
97.55;MPIB1;SPL;52966;28.70822;0;2.665457;9.645062E-05;MPIB4
97.55;MPIB2;SPL;53051;39.69725;0;18.72614;0.0004822531;MPIB1
97.6;MPIB1;SPL;52966;28.70822;0;2.665457;9.645062E-05;MPIB4
97.6;MPIB2;SPL;53051;39.69725;0;18.72614;0.0003858025;MPIB1
97.65;MPIB1;SPL;52966;28.70822;0;2.665457;4.822531E-05;MPIB4
97.65;MPIB2;SPL;53051;39.69725;0;18.72614;0.0004340278;MPIB1
97.7;MPIB1;SPL;52966;28.70822;0;2.665457;4.822531E-05;MPIB4
97.7;MPIB2;SPL;53051;39.69725;0;18.72614;0.0001929012;MPIB1
97.75;MPIB1;SPL;52966;28.70822;0;2.665457;4.822531E-05;MPIB4
97.75;MPIB2;SPL;53051;39.69725;0;18.72614;0.0003375772;MPIB1
97.8;MPIB1;SPL;52966;28.70822;0;2.665457;4.822531E-05;MPIB4
97.8;MPIB2;SPL;53051;39.69725;0;18.72614;0.0003375772;MPIB1
97.85;MPIB1;SPL;52966;28.70822;0;2.665457;4.822531E-05;MPIB4
97.85;MPIB2;SPL;53051;39.69725;0;18.72614;0.0002893519;MPIB1
97.9;MPIB2;SPL;53051;39.69725;0;18.72614;4.822531E-05;MPIB1
97.95;MPIB2;SPL;53051;39.69725;0;18.72614;4.822531E-05;MPIB1
98;MPIB2;SPL;53051;39.69725;0;18.72614;4.822531E-05;MPIB1
98.8;MPIB1;SPL;52897;13.7;0;35.15433;0.002748843;MPIB2
98.8;MPIB2;SPL;52897;13.7;0;35.15433;0.1814236;MPIB2
98.85;MPIB1;SPL;52897;13.7;0;35.15433;0.003134645;MPIB2
98.85;MPIB2;SPL;52897;13.7;0;35.15433;0.1777103;MPIB2
98.9;MPIB1;SPL;52897;13.7;0;35.15433;0.003134645;MPIB2
98.9;MPIB2;SPL;52897;13.7;0;35.15433;0.1687886;MPIB2
98.95;MPIB1;SPL;52897;13.7;0;35.15433;0.003761574;MPIB2
98.95;MPIB2;SPL;52897;13.7;0;35.15433;0.1576003;MPIB2
99;MPIB1;SPL;52897;13.7;0;35.15433;0.00318287;MPIB2
99;MPIB2;SPL;52897;13.7;0;35.15433;0.1529707;MPIB2
99.05;MPIB1;SPL;52897;13.7;0;35.15433;0.003423997;MPIB2
99.05;MPIB2;SPL;52897;13.7;0;35.15433;0.1334394;MPIB2
99.1;MPIB1;SPL;52897;13.7;0;35.15433;0.003327546;MPIB2
99.1;MPIB2;SPL;52897;13.7;0;35.15433;0.1247589;MPIB2
99.15;MPIB1;SPL;52897;13.7;0;35.15433;0.003472222;MPIB2
99.15;MPIB2;SPL;52897;13.7;0;35.15433;0.1298225;MPIB2
99.2;MPIB1;SPL;52897;13.7;0;35.15433;0.00318287;MPIB2
99.2;MPIB2;SPL;52897;13.7;0;35.15433;0.09712577;MPIB2
99.25;MPIB1;SPL;52897;13.7;0;35.15433;0.003134645;MPIB2
99.25;MPIB2;SPL;52897;13.7;0;35.15433;0.07021605;MPIB2
99.3;MPIB1;SPL;52897;13.7;0;35.15433;0.002989969;MPIB2
99.3;MPIB2;SPL;52897;13.7;0;35.15433;0.06423611;MPIB2
99.35;MPIB1;SPL;52897;13.7;0;35.15433;0.002941744;MPIB2
99.35;MPIB2;SPL;52897;13.7;0;35.15433;0.0663098;MPIB2
99.4;MPIB1;SPL;52897;13.7;0;35.15433;0.002314815;MPIB2
99.4;MPIB2;SPL;52897;13.7;0;35.15433;0.05666474;MPIB2
99.45;MPIB1;SPL;52897;13.7;0;35.15433;0.001977238;MPIB2
99.45;MPIB2;SPL;52897;13.7;0;35.15433;0.05367477;MPIB2
99.5;MPIB1;SPL;52897;13.7;0;35.15433;0.002121913;MPIB2
99.5;MPIB2;SPL;52897;13.7;0;35.15433;0.04967207;MPIB2
99.55;MPIB1;SPL;52897;13.7;0;35.15433;0.001736111;MPIB2
99.55;MPIB2;SPL;52897;13.7;0;35.15433;0.02469136;MPIB2
99.6;MPIB1;SPL;52897;13.7;0;35.15433;0.001687886;MPIB2
99.6;MPIB2;SPL;52897;13.7;0;35.15433;0.009934413;MPIB2
99.65;MPIB1;SPL;52897;13.7;0;35.15433;0.001398534;MPIB2
99.65;MPIB2;SPL;52897;13.7;0;35.15433;0.01379244;MPIB2
99.7;MPIB1;SPL;52897;13.7;0;35.15433;0.001302083;MPIB2
99.7;MPIB2;SPL;52897;13.7;0;35.15433;0.01673418;MPIB2
99.75;MPIB1;SPL;52897;13.7;0;35.15433;0.001060957;MPIB2
99.75;MPIB2;SPL;52897;13.7;0;35.15433;0.0150463;MPIB2
99.8;MPIB1;SPL;52897;13.7;0;35.15433;0.0009645062;MPIB2
99.8;MPIB2;SPL;52897;13.7;0;35.15433;0.01335841;MPIB2
99.85;MPIB1;SPL;52897;13.7;0;35.15433;0.001109182;MPIB2
99.85;MPIB2;SPL;52897;13.7;0;35.15433;0.005208333;MPIB2
99.9;MPIB1;SPL;52897;13.7;0;35.15433;0.001012731;MPIB2
99.9;MPIB2;SPL;52897;13.7;0;35.15433;0.004967207;MPIB2
99.95;MPIB1;SPL;52897;13.7;0;35.15433;0.000626929;MPIB2
99.95;MPIB2;SPL;52897;13.7;0;35.15433;0.003954475;MPIB2
100;MPIB1;SPL;52897;13.7;0;35.15433;0.0003375772;MPIB2
100;MPIB2;SPL;52897;13.7;0;35.15433;0.005594136;MPIB2
100.05;MPIB1;SPL;52897;13.7;0;35.15433;0.0007233796;MPIB2
100.05;MPIB2;SPL;52897;13.7;0;35.15433;0.008969908;MPIB2
100.1;MPIB1;SPL;52897;13.7;0;35.15433;0.0007233796;MPIB2
100.1;MPIB2;SPL;52897;13.7;0;35.15433;0.008777007;MPIB2
100.15;MPIB1;SPL;52897;13.7;0;35.15433;0.0006751543;MPIB2
100.15;MPIB2;SPL;52897;13.7;0;35.15433;0.01012731;MPIB2
100.2;MPIB1;SPL;52897;13.7;0;35.15433;0.0005787037;MPIB2
100.2;MPIB2;SPL;52897;13.7;0;35.15433;0.01046489;MPIB2
100.25;MPIB1;SPL;52897;13.7;0;35.15433;0.0002411265;MPIB2
100.25;MPIB2;SPL;52897;13.7;0;35.15433;0.01003086;MPIB2
100.3;MPIB1;SPL;52897;13.7;0;35.15433;0.0005304784;MPIB2
100.3;MPIB2;SPL;52897;13.7;0;35.15433;0.003858025;MPIB2
100.35;MPIB1;SPL;52897;13.7;0;35.15433;0.0005304784;MPIB2
100.35;MPIB2;SPL;52897;13.7;0;35.15433;0.004340278;MPIB2
100.4;MPIB1;SPL;52897;13.7;0;35.15433;0.0002893519;MPIB2
100.4;MPIB2;SPL;52897;13.7;0;35.15433;0.004147376;MPIB2
100.45;MPIB1;SPL;52897;13.7;0;35.15433;0.0002411265;MPIB2
100.5;MPIB1;SPL;52897;13.7;0;35.15433;0.0002411265;MPIB2
100.55;MPIB1;SPL;52897;13.7;0;35.15433;0.0001929012;MPIB2
100.6;MPIB1;SPL;52897;13.7;0;35.15433;0.0002411265;MPIB2
100.65;MPIB1;SPL;52897;13.7;0;35.15433;4.822531E-05;MPIB2
101.65;MPIB3;SPL;53063;35.60342;0;54.76276;0.2530382;MPIB3
101.7;MPIB3;SPL;53063;35.60342;0;54.76276;0.2619117;MPIB3
101.75;MPIB3;SPL;53063;35.60342;0;54.76276;0.2746913;MPIB3
101.8;MPIB3;SPL;53063;35.60342;0;54.76276;0.2582948;MPIB3
101.85;MPIB3;SPL;53063;35.60342;0;54.76276;0.2037519;MPIB3
101.9;MPIB1;SPL;52896;14.55261;0;33.66295;0.003568673;MPIB2
101.9;MPIB2;SPL;52896;14.55261;0;33.66295;0.1595293;MPIB2
101.9;MPIB3;SPL;53063;35.60342;0;54.76276;0.1788677;MPIB3
101.95;MPIB1;SPL;52896;14.55261;0;33.66295;0.004099151;MPIB2
101.95;MPIB2;SPL;52896;14.55261;0;33.66295;0.1627604;MPIB2
101.95;MPIB3;SPL;53063;35.60342;0;54.76276;0.2169657;MPIB3
102;MPIB1;SPL;52896;14.55261;0;33.66295;0.003858025;MPIB2
102;MPIB2;SPL;52896;14.55261;0;33.66295;0.1555748;MPIB2
102;MPIB3;SPL;53063;35.60342;0;54.76276;0.2119985;MPIB3
102.05;MPIB1;SPL;52896;14.55261;0;33.66295;0.004002701;MPIB2
102.05;MPIB2;SPL;52896;14.55261;0;33.66295;0.1415895;MPIB2
102.05;MPIB3;SPL;53063;35.60342;0;54.76276;0.2003762;MPIB3
102.1;MPIB1;SPL;52896;14.55261;0;33.66295;0.004050926;MPIB2
102.1;MPIB2;SPL;52896;14.55261;0;33.66295;0.1321856;MPIB2
102.1;MPIB3;SPL;53063;35.60342;0;54.76276;0.1434221;MPIB3
102.15;MPIB1;SPL;52896;14.55261;0;33.66295;0.004099151;MPIB2
102.15;MPIB2;SPL;52896;14.55261;0;33.66295;0.1175733;MPIB2
102.15;MPIB3;SPL;53063;35.60342;0;54.76276;0.09249614;MPIB3
102.2;MPIB1;SPL;52896;14.55261;0;33.66295;0.003375772;MPIB2
102.2;MPIB2;SPL;52896;14.55261;0;33.66295;0.1153549;MPIB2
102.2;MPIB3;SPL;53063;35.60342;0;54.76276;0.05497685;MPIB3
102.25;MPIB1;SPL;52896;14.55261;0;33.66295;0.003375772;MPIB2
102.25;MPIB2;SPL;52896;14.55261;0;33.66295;0.08839699;MPIB2
102.25;MPIB3;SPL;53063;35.60342;0;54.76276;0.005160108;MPIB3
102.3;MPIB1;SPL;52896;14.55261;0;33.66295;0.003954475;MPIB2
102.3;MPIB2;SPL;52896;14.55261;0;33.66295;0.08844522;MPIB2
102.35;MPIB1;SPL;52896;14.55261;0;33.66295;0.003231096;MPIB2
102.35;MPIB2;SPL;52896;14.55261;0;33.66295;0.09495563;MPIB2
102.4;MPIB1;SPL;52896;14.55261;0;33.66295;0.003279321;MPIB2
102.4;MPIB2;SPL;52896;14.55261;0;33.66295;0.1005015;MPIB2
102.45;MPIB1;SPL;52896;14.55261;0;33.66295;0.00318287;MPIB2
102.45;MPIB2;SPL;52896;14.55261;0;33.66295;0.1274113;MPIB2
102.5;MPIB1;SPL;52896;14.55261;0;33.66295;0.002748843;MPIB2
102.5;MPIB2;SPL;52896;14.55261;0;33.66295;0.1330054;MPIB2
102.55;MPIB1;SPL;52896;14.55261;0;33.66295;0.002507716;MPIB2
102.55;MPIB2;SPL;52896;14.55261;0;33.66295;0.08984375;MPIB2
102.6;MPIB1;SPL;52896;14.55261;0;33.66295;0.002121913;MPIB2
102.6;MPIB2;SPL;52896;14.55261;0;33.66295;0.04890046;MPIB2
102.65;MPIB1;SPL;52896;14.55261;0;33.66295;0.002025463;MPIB2
102.65;MPIB2;SPL;52896;14.55261;0;33.66295;0.03438465;MPIB2
102.7;MPIB1;SPL;52896;14.55261;0;33.66295;0.001591435;MPIB2
102.7;MPIB2;SPL;52896;14.55261;0;33.66295;0.01089892;MPIB2
102.75;MPIB1;SPL;52896;14.55261;0;33.66295;0.001253858;MPIB2
102.8;MPIB1;SPL;52896;14.55261;0;33.66295;0.001253858;MPIB2
102.85;MPIB1;SPL;52896;14.55261;0;33.66295;0.001350309;MPIB2
102.9;MPIB1;SPL;52896;14.55261;0;33.66295;0.0008198302;MPIB2
102.95;MPIB1;SPL;52896;14.55261;0;33.66295;0.000626929;MPIB2
103;MPIB1;SPL;52896;14.55261;0;33.66295;0.0009645062;MPIB2
103.05;MPIB1;SPL;52896;14.55261;0;33.66295;0.001157407;MPIB2
103.1;MPIB1;SPL;52896;14.55261;0;33.66295;0.0007233796;MPIB2
103.15;MPIB1;SPL;52896;14.55261;0;33.66295;0.0008680556;MPIB2
103.2;MPIB1;SPL;52896;14.55261;0;33.66295;0.000626929;MPIB2
103.25;MPIB1;SPL;52896;14.55261;0;33.66295;0.0004340278;MPIB2
103.3;MPIB1;SPL;52896;14.55261;0;33.66295;0.0003858025;MPIB2
103.35;MPIB1;SPL;52896;14.55261;0;33.66295;0.0002893519;MPIB2
103.4;MPIB1;SPL;52896;14.55261;0;33.66295;0.0002893519;MPIB2
103.45;MPIB1;SPL;52896;14.55261;0;33.66295;0.0002893519;MPIB2
103.5;MPIB1;SPL;52896;14.55261;0;33.66295;0.0003375772;MPIB2
103.55;MPIB1;SPL;52896;14.55261;0;33.66295;0.0004822531;MPIB2
103.6;MPIB1;SPL;52896;14.55261;0;33.66295;0.0004340278;MPIB2
103.65;MPIB1;SPL;52896;14.55261;0;33.66295;0.0001446759;MPIB2
103.7;MPIB1;SPL;52896;14.55261;0;33.66295;0.0001929012;MPIB2
103.75;MPIB1;SPL;52896;14.55261;0;33.66295;9.645062E-05;MPIB2
104.85;MPIB1;SPL;52916;16.1548;0;32.60581;0.004243827;MPIB2
104.85;MPIB2;SPL;52916;16.1548;0;32.60581;0.266686;MPIB2
104.9;MPIB1;SPL;52916;16.1548;0;32.60581;0.005304784;MPIB2
104.9;MPIB2;SPL;52916;16.1548;0;32.60581;0.2593075;MPIB2
104.95;MPIB1;SPL;52916;16.1548;0;32.60581;0.005353009;MPIB2
104.95;MPIB2;SPL;52916;16.1548;0;32.60581;0.2486497;MPIB2
105;MPIB1;SPL;52916;16.1548;0;32.60581;0.00472608;MPIB2
105;MPIB2;SPL;52916;16.1548;0;32.60581;0.2228009;MPIB2
105.05;MPIB1;SPL;52916;16.1548;0;32.60581;0.004002701;MPIB2
105.05;MPIB2;SPL;52916;16.1548;0;32.60581;0.1971451;MPIB2
105.1;MPIB1;SPL;52916;16.1548;0;32.60581;0.003472222;MPIB2
105.1;MPIB2;SPL;52916;16.1548;0;32.60581;0.1612172;MPIB2
105.15;MPIB1;SPL;52916;16.1548;0;32.60581;0.002893518;MPIB2
105.15;MPIB2;SPL;52916;16.1548;0;32.60581;0.1388889;MPIB2
105.2;MPIB1;SPL;52916;16.1548;0;32.60581;0.002411265;MPIB2
105.2;MPIB2;SPL;52916;16.1548;0;32.60581;0.09124228;MPIB2
105.25;MPIB1;SPL;52916;16.1548;0;32.60581;0.002411265;MPIB2
105.25;MPIB2;SPL;52916;16.1548;0;32.60581;0.107012;MPIB2
105.3;MPIB1;SPL;52916;16.1548;0;32.60581;0.002121913;MPIB2
105.3;MPIB2;SPL;52916;16.1548;0;32.60581;0.08511767;MPIB2
105.35;MPIB1;SPL;52916;16.1548;0;32.60581;0.002555941;MPIB2
105.35;MPIB2;SPL;52916;16.1548;0;32.60581;0.06698495;MPIB2
105.4;MPIB1;SPL;52916;16.1548;0;32.60581;0.001832562;MPIB2
105.4;MPIB2;SPL;52916;16.1548;0;32.60581;0.07576196;MPIB2
105.45;MPIB1;SPL;52916;16.1548;0;32.60581;0.001832562;MPIB2
105.45;MPIB2;SPL;52916;16.1548;0;32.60581;0.05362654;MPIB2
105.5;MPIB1;SPL;52916;16.1548;0;32.60581;0.001494985;MPIB2
105.5;MPIB2;SPL;52916;16.1548;0;32.60581;0.03076775;MPIB2
105.55;MPIB1;SPL;52916;16.1548;0;32.60581;0.0007233796;MPIB2
105.55;MPIB2;SPL;52916;16.1548;0;32.60581;0.02907986;MPIB2
105.6;MPIB1;SPL;52916;16.1548;0;32.60581;0.0009645062;MPIB2
105.6;MPIB2;SPL;52916;16.1548;0;32.60581;0.01297261;MPIB2
105.65;MPIB1;SPL;52916;16.1548;0;32.60581;0.0006751543;MPIB2
105.65;MPIB2;SPL;52916;16.1548;0;32.60581;0.008342979;MPIB2
105.7;MPIB1;SPL;52916;16.1548;0;32.60581;0.0007716049;MPIB2
105.7;MPIB2;SPL;52916;16.1548;0;32.60581;0.01171875;MPIB2
105.75;MPIB1;SPL;52916;16.1548;0;32.60581;0.0007716049;MPIB2
105.75;MPIB2;SPL;52916;16.1548;0;32.60581;0.01345486;MPIB2
105.8;MPIB1;SPL;52916;16.1548;0;32.60581;0.0005787037;MPIB2
105.8;MPIB2;SPL;52916;16.1548;0;32.60581;0.01470872;MPIB2
105.85;MPIB1;SPL;52916;16.1548;0;32.60581;0.0005304784;MPIB2
105.85;MPIB2;SPL;52916;16.1548;0;32.60581;0.01649306;MPIB2
105.9;MPIB1;SPL;52916;16.1548;0;32.60581;0.0004822531;MPIB2
105.9;MPIB2;SPL;52916;16.1548;0;32.60581;0.009259259;MPIB2
105.95;MPIB1;SPL;52916;16.1548;0;32.60581;0.0004340278;MPIB2
105.95;MPIB2;SPL;52916;16.1548;0;32.60581;0.003472222;MPIB2
106;MPIB1;SPL;52916;16.1548;0;32.60581;0.0005304784;MPIB2
106.05;MPIB1;SPL;52916;16.1548;0;32.60581;0.0003375772;MPIB2
106.1;MPIB1;SPL;52916;16.1548;0;32.60581;0.0002411265;MPIB2
106.15;MPIB1;SPL;52916;16.1548;0;32.60581;0.0001929012;MPIB2
106.2;MPIB1;SPL;52916;16.1548;0;32.60581;0.0001929012;MPIB2
106.25;MPIB1;SPL;52916;16.1548;0;32.60581;0.0001929012;MPIB2
106.3;MPIB1;SPL;52916;16.1548;0;32.60581;0.0002411265;MPIB2
106.35;MPIB1;SPL;52916;16.1548;0;32.60581;4.822531E-05;MPIB2
106.4;MPIB1;SPL;52916;16.1548;0;32.60581;4.822531E-05;MPIB2
106.45;MPIB1;SPL;52916;16.1548;0;32.60581;9.645062E-05;MPIB2
106.5;MPIB1;SPL;52916;16.1548;0;32.60581;9.645062E-05;MPIB2
106.55;MPIB1;SPL;52916;16.1548;0;32.60581;9.645062E-05;MPIB2
106.6;MPIB1;SPL;52916;16.1548;0;32.60581;9.645062E-05;MPIB2
106.9;MPIB1;SPL;52886;15.99683;0;2.584692;0.004533179;MPIB4
106.9;MPIB4;SPL;52886;15.99683;0;2.584692;0.1724537;MPIB4
106.9;MPIB2;SPL;52886;15.99683;0;2.584692;0.002218364;MPIB4
106.95;MPIB1;SPL;52886;15.99683;0;2.584692;0.004581404;MPIB4
106.95;MPIB4;SPL;52886;15.99683;0;2.584692;0.1698978;MPIB4
106.95;MPIB2;SPL;52886;15.99683;0;2.584692;0.00236304;MPIB4
107;MPIB1;SPL;52886;15.99683;0;2.584692;0.005063657;MPIB4
107;MPIB4;SPL;52886;15.99683;0;2.584692;0.1631462;MPIB4
107;MPIB2;SPL;52886;15.99683;0;2.584692;0.002459491;MPIB4
107.05;MPIB1;SPL;52886;15.99683;0;2.584692;0.004388503;MPIB4
107.05;MPIB4;SPL;52886;15.99683;0;2.584692;0.1536941;MPIB4
107.05;MPIB2;SPL;52886;15.99683;0;2.584692;0.002507716;MPIB4
107.1;MPIB1;SPL;52886;15.99683;0;2.584692;0.004581404;MPIB4
107.1;MPIB4;SPL;52886;15.99683;0;2.584692;0.1580343;MPIB4
107.1;MPIB2;SPL;52886;15.99683;0;2.584692;0.002459491;MPIB4
107.15;MPIB1;SPL;52886;15.99683;0;2.584692;0.004388503;MPIB4
107.15;MPIB4;SPL;52886;15.99683;0;2.584692;0.1372975;MPIB4
107.15;MPIB2;SPL;52886;15.99683;0;2.584692;0.002411265;MPIB4
107.2;MPIB1;SPL;52886;15.99683;0;2.584692;0.004388503;MPIB4
107.2;MPIB4;SPL;52886;15.99683;0;2.584692;0.1145833;MPIB4
107.2;MPIB2;SPL;52886;15.99683;0;2.584692;0.002314815;MPIB4
107.25;MPIB1;SPL;52886;15.99683;0;2.584692;0.004292052;MPIB4
107.25;MPIB4;SPL;52886;15.99683;0;2.584692;0.09799383;MPIB4
107.25;MPIB2;SPL;52886;15.99683;0;2.584692;0.00226659;MPIB4
107.3;MPIB1;SPL;52886;15.99683;0;2.584692;0.004533179;MPIB4
107.3;MPIB4;SPL;52886;15.99683;0;2.584692;0.1236979;MPIB4
107.3;MPIB2;SPL;52886;15.99683;0;2.584692;0.002170139;MPIB4
107.35;MPIB1;SPL;52886;15.99683;0;2.584692;0.003665123;MPIB4
107.35;MPIB4;SPL;52886;15.99683;0;2.584692;0.1341146;MPIB4
107.35;MPIB2;SPL;52886;15.99683;0;2.584692;0.00226659;MPIB4
107.4;MPIB1;SPL;52886;15.99683;0;2.584692;0.002748843;MPIB4
107.4;MPIB4;SPL;52886;15.99683;0;2.584692;0.08101851;MPIB4
107.4;MPIB2;SPL;52886;15.99683;0;2.584692;0.002170139;MPIB4
107.45;MPIB1;SPL;52886;15.99683;0;2.584692;0.002555941;MPIB4
107.45;MPIB2;SPL;52886;15.99683;0;2.584692;0.002025463;MPIB4
107.5;MPIB1;SPL;52886;15.99683;0;2.584692;0.002941744;MPIB4
107.5;MPIB2;SPL;52886;15.99683;0;2.584692;0.001929012;MPIB4
107.55;MPIB1;SPL;52886;15.99683;0;2.584692;0.002459491;MPIB4
107.55;MPIB2;SPL;52886;15.99683;0;2.584692;0.001350309;MPIB4
107.6;MPIB1;SPL;52886;15.99683;0;2.584692;0.0006751543;MPIB4
107.6;MPIB2;SPL;52886;15.99683;0;2.584692;0.001446759;MPIB4
107.6;MPIB3;SPL;53103;43.03685;0;54.52675;0.1822917;MPIB3
107.65;MPIB2;SPL;52886;15.99683;0;2.584692;0.00154321;MPIB4
107.65;MPIB3;SPL;53103;43.03685;0;54.52675;0.1732253;MPIB3
107.7;MPIB2;SPL;52886;15.99683;0;2.584692;0.001784336;MPIB4
107.7;MPIB3;SPL;53103;43.03685;0;54.52675;0.1596258;MPIB3
107.75;MPIB1;SPL;53103;43.03685;0;54.52675;0.001832562;MPIB3
107.75;MPIB2;SPL;52886;15.99683;0;2.584692;0.001494985;MPIB4
107.75;MPIB3;SPL;53103;43.03685;0;54.52675;0.1374904;MPIB3
107.8;MPIB1;SPL;53103;43.03685;0;54.52675;0.002073688;MPIB3
107.8;MPIB2;SPL;52886;15.99683;0;2.584692;0.001060957;MPIB4
107.8;MPIB3;SPL;53103;43.03685;0;54.52675;0.1232157;MPIB3
107.85;MPIB1;SPL;53103;43.03685;0;54.52675;0.001832562;MPIB3
107.85;MPIB2;SPL;52886;15.99683;0;2.584692;0.001253858;MPIB4
107.85;MPIB3;SPL;53103;43.03685;0;54.52675;0.1043596;MPIB3
107.9;MPIB1;SPL;53103;43.03685;0;54.52675;0.001784336;MPIB3
107.9;MPIB2;SPL;52886;15.99683;0;2.584692;0.001253858;MPIB4
107.9;MPIB3;SPL;53103;43.03685;0;54.52675;0.09741513;MPIB3
107.95;MPIB1;SPL;53103;43.03685;0;54.52675;0.002025463;MPIB3
107.95;MPIB2;SPL;52886;15.99683;0;2.584692;0.0008680556;MPIB4
107.95;MPIB3;SPL;53103;43.03685;0;54.52675;0.1096644;MPIB3
108;MPIB1;SPL;53103;43.03685;0;54.52675;0.001784336;MPIB3
108;MPIB2;SPL;52886;15.99683;0;2.584692;0.0004340278;MPIB4
108;MPIB3;SPL;53103;43.03685;0;54.52675;0.1182967;MPIB3
108.05;MPIB1;SPL;53103;43.03685;0;54.52675;0.001350309;MPIB3
108.05;MPIB2;SPL;52886;15.99683;0;2.584692;0.0007233796;MPIB4
108.05;MPIB3;SPL;53103;43.03685;0;54.52675;0.1203221;MPIB3
108.1;MPIB1;SPL;53103;43.03685;0;54.52675;0.001253858;MPIB3
108.1;MPIB2;SPL;52886;15.99683;0;2.584692;0.0007233796;MPIB4
108.1;MPIB3;SPL;53103;43.03685;0;54.52675;0.1109664;MPIB3
108.15;MPIB1;SPL;53103;43.03685;0;54.52675;0.001253858;MPIB3
108.15;MPIB3;SPL;53103;43.03685;0;54.52675;0.1625193;MPIB3
108.2;MPIB1;SPL;53103;43.03685;0;54.52675;0.001302083;MPIB3
108.2;MPIB3;SPL;53103;43.03685;0;54.52675;0.1554784;MPIB3
108.25;MPIB1;SPL;53103;43.03685;0;54.52675;0.001157407;MPIB3
108.25;MPIB3;SPL;53103;43.03685;0;54.52675;0.06023341;MPIB3
108.3;MPIB1;SPL;53103;43.03685;0;54.52675;0.001109182;MPIB3
108.3;MPIB3;SPL;53103;43.03685;0;54.52675;0.008150077;MPIB3
108.35;MPIB1;SPL;53103;43.03685;0;54.52675;0.001157407;MPIB3
108.4;MPIB1;SPL;53103;43.03685;0;54.52675;0.001060957;MPIB3
108.45;MPIB1;SPL;53103;43.03685;0;54.52675;0.001060957;MPIB3
108.5;MPIB1;SPL;53103;43.03685;0;54.52675;0.0009645062;MPIB3
108.55;MPIB1;SPL;53103;43.03685;0;54.52675;0.0007233796;MPIB3
108.6;MPIB1;SPL;53103;43.03685;0;54.52675;0.0007233796;MPIB3
108.65;MPIB1;SPL;53103;43.03685;0;54.52675;0.0009645062;MPIB3
108.7;MPIB1;SPL;53103;43.03685;0;54.52675;0.0007716049;MPIB3
108.75;MPIB1;SPL;53103;43.03685;0;54.52675;0.0008198302;MPIB3
108.8;MPIB1;SPL;53103;43.03685;0;54.52675;0.0006751543;MPIB3
108.85;MPIB1;SPL;53103;43.03685;0;54.52675;0.0007233796;MPIB3
108.9;MPIB1;SPL;53103;43.03685;0;54.52675;0.000626929;MPIB3
108.95;MPIB1;SPL;53103;43.03685;0;54.52675;0.0005304784;MPIB3
109;MPIB1;SPL;53103;43.03685;0;54.52675;0.0005787037;MPIB3
109.05;MPIB1;SPL;53103;43.03685;0;54.52675;0.0003375772;MPIB3
109.1;MPIB1;SPL;53103;43.03685;0;54.52675;0.0002893519;MPIB3
109.15;MPIB1;SPL;53103;43.03685;0;54.52675;0.0002411265;MPIB3
109.2;MPIB1;SPL;53103;43.03685;0;54.52675;0.0001446759;MPIB3
109.25;MPIB1;SPL;53103;43.03685;0;54.52675;0.0001446759;MPIB3
109.3;MPIB1;SPL;53103;43.03685;0;54.52675;0.0001446759;MPIB3
109.35;MPIB1;SPL;53103;43.03685;0;54.52675;0.0002893519;MPIB3
109.4;MPIB1;SPL;53103;43.03685;0;54.52675;0.0002411265;MPIB3
109.65;MPIB4;SPL;52866;13.41039;0;2.595515;0.1730324;MPIB4
109.65;MPIB2;SPL;52866;13.41039;0;2.595515;0.004292052;MPIB4
109.7;MPIB4;SPL;52866;13.41039;0;2.595515;0.1675347;MPIB4
109.7;MPIB2;SPL;52866;13.41039;0;2.595515;0.004581404;MPIB4
109.75;MPIB4;SPL;52866;13.41039;0;2.595515;0.163532;MPIB4
109.75;MPIB2;SPL;52866;13.41039;0;2.595515;0.004340278;MPIB4
109.8;MPIB4;SPL;52866;13.41039;0;2.595515;0.1575039;MPIB4
109.8;MPIB2;SPL;52866;13.41039;0;2.595515;0.004099151;MPIB4
109.85;MPIB4;SPL;52866;13.41039;0;2.595515;0.1603491;MPIB4
109.85;MPIB2;SPL;52866;13.41039;0;2.595515;0.004195602;MPIB4
109.9;MPIB4;SPL;52866;13.41039;0;2.595515;0.1384549;MPIB4
109.9;MPIB2;SPL;52866;13.41039;0;2.595515;0.003954475;MPIB4
109.95;MPIB4;SPL;52866;13.41039;0;2.595515;0.115162;MPIB4
109.95;MPIB2;SPL;52866;13.41039;0;2.595515;0.004147376;MPIB4
110;MPIB4;SPL;52866;13.41039;0;2.595515;0.09505209;MPIB4
110;MPIB2;SPL;52866;13.41039;0;2.595515;0.003568673;MPIB4
110.05;MPIB4;SPL;52866;13.41039;0;2.595515;0.1286651;MPIB4
110.05;MPIB2;SPL;52866;13.41039;0;2.595515;0.003761574;MPIB4
110.1;MPIB4;SPL;52866;13.41039;0;2.595515;0.1252894;MPIB4
110.1;MPIB2;SPL;52866;13.41039;0;2.595515;0.00308642;MPIB4
110.15;MPIB4;SPL;52866;13.41039;0;2.595515;0.07325424;MPIB4
110.15;MPIB2;SPL;52866;13.41039;0;2.595515;0.002845293;MPIB4
110.2;MPIB2;SPL;52866;13.41039;0;2.595515;0.00318287;MPIB4
110.25;MPIB2;SPL;52866;13.41039;0;2.595515;0.003134645;MPIB4
110.3;MPIB2;SPL;52866;13.41039;0;2.595515;0.002121913;MPIB4
110.35;MPIB2;SPL;52866;13.41039;0;2.595515;0.002073688;MPIB4
110.4;MPIB2;SPL;52866;13.41039;0;2.595515;0.002121913;MPIB4
110.45;MPIB2;SPL;52866;13.41039;0;2.595515;0.002121913;MPIB4
110.5;MPIB2;SPL;52866;13.41039;0;2.595515;0.001784336;MPIB4
110.55;MPIB2;SPL;52866;13.41039;0;2.595515;0.001253858;MPIB4
110.6;MPIB2;SPL;52866;13.41039;0;2.595515;0.001398534;MPIB4
110.65;MPIB2;SPL;52866;13.41039;0;2.595515;0.001205633;MPIB4
110.7;MPIB2;SPL;52866;13.41039;0;2.595515;0.001012731;MPIB4
110.75;MPIB2;SPL;52866;13.41039;0;2.595515;0.0009162808;MPIB4
110.8;MPIB2;SPL;52866;13.41039;0;2.595515;0.001012731;MPIB4
110.85;MPIB2;SPL;52866;13.41039;0;2.595515;0.000626929;MPIB4
110.9;MPIB2;SPL;52866;13.41039;0;2.595515;0.000626929;MPIB4
110.95;MPIB2;SPL;52866;13.41039;0;2.595515;0.0007716049;MPIB4
111;MPIB1;SPL;53144;48.23259;0;55.66392;0.001205633;MPIB3
111;MPIB2;SPL;52866;13.41039;0;2.595515;0.0006751543;MPIB4
111;MPIB3;SPL;53144;48.23259;0;55.66392;0.1962288;MPIB3
111.05;MPIB1;SPL;53144;48.23259;0;55.66392;0.001302083;MPIB3
111.05;MPIB2;SPL;52866;13.41039;0;2.595515;0.0007716049;MPIB4
111.05;MPIB3;SPL;53144;48.23259;0;55.66392;0.196277;MPIB3
111.1;MPIB1;SPL;53144;48.23259;0;55.66392;0.001205633;MPIB3
111.1;MPIB2;SPL;52866;13.41039;0;2.595515;0.0005787037;MPIB4
111.1;MPIB3;SPL;53144;48.23259;0;55.66392;0.199267;MPIB3
111.15;MPIB1;SPL;53144;48.23259;0;55.66392;0.001109182;MPIB3
111.15;MPIB2;SPL;52866;13.41039;0;2.595515;0.0005304784;MPIB4
111.15;MPIB3;SPL;53144;48.23259;0;55.66392;0.1789159;MPIB3
111.2;MPIB1;SPL;53144;48.23259;0;55.66392;0.001253858;MPIB3
111.2;MPIB2;SPL;52866;13.41039;0;2.595515;0.0002893519;MPIB4
111.2;MPIB3;SPL;53144;48.23259;0;55.66392;0.1694637;MPIB3
111.25;MPIB1;SPL;53144;48.23259;0;55.66392;0.001109182;MPIB3
111.25;MPIB2;SPL;52866;13.41039;0;2.595515;0.0002411265;MPIB4
111.25;MPIB3;SPL;53144;48.23259;0;55.66392;0.1489197;MPIB3
111.3;MPIB1;SPL;53144;48.23259;0;55.66392;0.001687886;MPIB3
111.3;MPIB2;SPL;52866;13.41039;0;2.595515;0.0002893519;MPIB4
111.3;MPIB3;SPL;53144;48.23259;0;55.66392;0.1304012;MPIB3
111.35;MPIB1;SPL;53144;48.23259;0;55.66392;0.001494985;MPIB3
111.35;MPIB2;SPL;52866;13.41039;0;2.595515;0.0002411265;MPIB4
111.35;MPIB3;SPL;53144;48.23259;0;55.66392;0.1152585;MPIB3
111.4;MPIB1;SPL;53144;48.23259;0;55.66392;0.001880787;MPIB3
111.4;MPIB2;SPL;52866;13.41039;0;2.595515;0.0002411265;MPIB4
111.4;MPIB3;SPL;53144;48.23259;0;55.66392;0.1114969;MPIB3
111.45;MPIB1;SPL;53144;48.23259;0;55.66392;0.001591435;MPIB3
111.45;MPIB2;SPL;52866;13.41039;0;2.595515;9.645062E-05;MPIB4
111.45;MPIB3;SPL;53144;48.23259;0;55.66392;0.118152;MPIB3
111.5;MPIB1;SPL;53144;48.23259;0;55.66392;0.001687886;MPIB3
111.5;MPIB2;SPL;52866;13.41039;0;2.595515;9.645062E-05;MPIB4
111.5;MPIB3;SPL;53144;48.23259;0;55.66392;0.1195023;MPIB3
111.55;MPIB1;SPL;53144;48.23259;0;55.66392;0.001591435;MPIB3
111.55;MPIB3;SPL;53144;48.23259;0;55.66392;0.09828318;MPIB3
111.6;MPIB1;SPL;53144;48.23259;0;55.66392;0.001446759;MPIB3
111.6;MPIB3;SPL;53144;48.23259;0;55.66392;0.09302662;MPIB3
111.65;MPIB1;SPL;53144;48.23259;0;55.66392;0.001302083;MPIB3
111.65;MPIB3;SPL;53144;48.23259;0;55.66392;0.1143904;MPIB3
111.7;MPIB1;SPL;53144;48.23259;0;55.66392;0.001205633;MPIB3
111.7;MPIB3;SPL;53144;48.23259;0;55.66392;0.09746335;MPIB3
111.75;MPIB1;SPL;53144;48.23259;0;55.66392;0.001109182;MPIB3
111.75;MPIB3;SPL;53144;48.23259;0;55.66392;0.06515239;MPIB3
111.8;MPIB1;SPL;53144;48.23259;0;55.66392;0.001398534;MPIB3
111.8;MPIB3;SPL;53144;48.23259;0;55.66392;0.01186343;MPIB3
113.2;MPIB1;SPL;53013;31.13081;0;23.30974;0.1727913;MPIB1
113.25;MPIB1;SPL;53013;31.13081;0;23.30974;0.1775656;MPIB1
113.3;MPIB1;SPL;53013;31.13081;0;23.30974;0.1771798;MPIB1
113.35;MPIB1;SPL;53013;31.13081;0;23.30974;0.1668113;MPIB1
113.4;MPIB1;SPL;53013;31.13081;0;23.30974;0.1816165;MPIB1
113.45;MPIB1;SPL;53013;31.13081;0;23.30974;0.1652681;MPIB1
113.45;MPIB2;SPL;53013;31.13081;0;23.30974;0.002941744;MPIB1
113.5;MPIB1;SPL;53013;31.13081;0;23.30974;0.169946;MPIB1
113.5;MPIB2;SPL;53013;31.13081;0;23.30974;0.004967207;MPIB1
113.55;MPIB1;SPL;53013;31.13081;0;23.30974;0.1847994;MPIB1
113.55;MPIB2;SPL;53013;31.13081;0;23.30974;0.004870756;MPIB1
113.6;MPIB1;SPL;53013;31.13081;0;23.30974;0.1754919;MPIB1
113.6;MPIB2;SPL;53013;31.13081;0;23.30974;0.003761574;MPIB1
113.65;MPIB1;SPL;53013;31.13081;0;23.30974;0.1756848;MPIB1
113.65;MPIB2;SPL;53013;31.13081;0;23.30974;0.003134645;MPIB1
113.7;MPIB1;SPL;53013;31.13081;0;23.30974;0.1739005;MPIB1
113.7;MPIB2;SPL;53013;31.13081;0;23.30974;0.004147376;MPIB1
113.75;MPIB1;SPL;53013;31.13081;0;23.30974;0.09625772;MPIB1
113.75;MPIB2;SPL;53013;31.13081;0;23.30974;0.003327546;MPIB1
113.8;MPIB1;SPL;53013;31.13081;0;23.30974;0.02391975;MPIB1
113.8;MPIB2;SPL;53013;31.13081;0;23.30974;0.00318287;MPIB1
113.85;MPIB2;SPL;53013;31.13081;0;23.30974;0.002459491;MPIB1
113.9;MPIB2;SPL;53013;31.13081;0;23.30974;0.002604167;MPIB1
113.95;MPIB2;SPL;53013;31.13081;0;23.30974;0.00163966;MPIB1
114;MPIB2;SPL;53013;31.13081;0;23.30974;0.002555941;MPIB1
114.05;MPIB2;SPL;53013;31.13081;0;23.30974;0.001398534;MPIB1
114.1;MPIB2;SPL;53013;31.13081;0;23.30974;0.001253858;MPIB1
114.15;MPIB2;SPL;53013;31.13081;0;23.30974;0.001302083;MPIB1
114.2;MPIB2;SPL;53013;31.13081;0;23.30974;0.001736111;MPIB1
114.25;MPIB2;SPL;53013;31.13081;0;23.30974;0.001012731;MPIB1
114.3;MPIB2;SPL;53013;31.13081;0;23.30974;0.001253858;MPIB1
114.35;MPIB2;SPL;53013;31.13081;0;23.30974;0.001060957;MPIB1
114.4;MPIB2;SPL;53013;31.13081;0;23.30974;0.0008680556;MPIB1
114.45;MPIB2;SPL;53013;31.13081;0;23.30974;0.0008198302;MPIB1
114.5;MPIB2;SPL;53013;31.13081;0;23.30974;0.0008680556;MPIB1
114.55;MPIB2;SPL;53013;31.13081;0;23.30974;0.000626929;MPIB1
114.6;MPIB2;SPL;53013;31.13081;0;23.30974;0.0006751543;MPIB1
114.65;MPIB2;SPL;53013;31.13081;0;23.30974;0.0003858025;MPIB1
114.7;MPIB2;SPL;53013;31.13081;0;23.30974;0.0004340278;MPIB1
114.75;MPIB2;SPL;53013;31.13081;0;23.30974;0.0004822531;MPIB1
114.8;MPIB2;SPL;53013;31.13081;0;23.30974;0.0003375772;MPIB1
114.85;MPIB2;SPL;53013;31.13081;0;23.30974;9.645062E-05;MPIB1
114.9;MPIB2;SPL;53013;31.13081;0;23.30974;0.0002411265;MPIB1
114.95;MPIB2;SPL;53013;31.13081;0;23.30974;0.0001929012;MPIB1
115;MPIB2;SPL;53013;31.13081;0;23.30974;0.0001929012;MPIB1
115.05;MPIB4;SPL;52826;8.237764;0;2.566569;0.1927566;MPIB4
115.1;MPIB4;SPL;52826;8.237764;0;2.566569;0.1961323;MPIB4
115.15;MPIB4;SPL;52826;8.237764;0;2.566569;0.1902971;MPIB4
115.2;MPIB4;SPL;52826;8.237764;0;2.566569;0.1724537;MPIB4
115.25;MPIB4;SPL;52826;8.237764;0;2.566569;0.164159;MPIB4
115.3;MPIB4;SPL;52826;8.237764;0;2.566569;0.1109182;MPIB4
115.35;MPIB4;SPL;52826;8.237764;0;2.566569;0.1174286;MPIB4
115.4;MPIB4;SPL;52826;8.237764;0;2.566569;0.1141975;MPIB4
115.45;MPIB4;SPL;52826;8.237764;0;2.566569;0.09076003;MPIB4
115.5;MPIB4;SPL;52826;8.237764;0;2.566569;0.07961998;MPIB4
115.55;MPIB4;SPL;52826;8.237764;0;2.566569;0.07474923;MPIB4
115.6;MPIB4;SPL;52826;8.237764;0;2.566569;0.06013696;MPIB4
115.65;MPIB4;SPL;52826;8.237764;0;2.566569;0.07865548;MPIB4
115.7;MPIB4;SPL;52826;8.237764;0;2.566569;0.04735725;MPIB4
115.75;MPIB4;SPL;52826;8.237764;0;2.566569;0.04682678;MPIB4
115.8;MPIB4;SPL;52826;8.237764;0;2.566569;0.0476466;MPIB4
115.85;MPIB4;SPL;52826;8.237764;0;2.566569;0.04128087;MPIB4
115.9;MPIB4;SPL;52826;8.237764;0;2.566569;0.02695795;MPIB4
115.95;MPIB4;SPL;52826;8.237764;0;2.566569;0.02695795;MPIB4
116;MPIB4;SPL;52826;8.237764;0;2.566569;0.02203897;MPIB4
116.05;MPIB4;SPL;52826;8.237764;0;2.566569;0.01726466;MPIB4
116.1;MPIB4;SPL;52826;8.237764;0;2.566569;0.0158179;MPIB4
116.1;MPIB2;SPL;52826;8.237764;0;2.566569;0.0009645062;MPIB4
116.15;MPIB4;SPL;52826;8.237764;0;2.566569;0.01408179;MPIB4
116.15;MPIB2;SPL;52826;8.237764;0;2.566569;0.0009162808;MPIB4
116.2;MPIB4;SPL;52826;8.237764;0;2.566569;0.008969908;MPIB4
116.2;MPIB2;SPL;52826;8.237764;0;2.566569;0.0006751543;MPIB4
116.25;MPIB4;SPL;52826;8.237764;0;2.566569;0.009886188;MPIB4
116.25;MPIB2;SPL;52826;8.237764;0;2.566569;0.001109182;MPIB4
116.3;MPIB4;SPL;52826;8.237764;0;2.566569;0.009500386;MPIB4
116.3;MPIB2;SPL;52826;8.237764;0;2.566569;0.0007716049;MPIB4
116.35;MPIB4;SPL;52826;8.237764;0;2.566569;0.008680556;MPIB4
116.35;MPIB2;SPL;52826;8.237764;0;2.566569;0.0007233796;MPIB4
116.4;MPIB4;SPL;52826;8.237764;0;2.566569;0.004581404;MPIB4
116.4;MPIB2;SPL;52826;8.237764;0;2.566569;0.000626929;MPIB4
116.45;MPIB4;SPL;52826;8.237764;0;2.566569;0.004436729;MPIB4
116.45;MPIB2;SPL;52826;8.237764;0;2.566569;0.0002411265;MPIB4
116.5;MPIB4;SPL;52826;8.237764;0;2.566569;0.004050926;MPIB4
116.5;MPIB2;SPL;52826;8.237764;0;2.566569;0.0004340278;MPIB4
116.55;MPIB4;SPL;52826;8.237764;0;2.566569;0.002459491;MPIB4
116.55;MPIB2;SPL;52826;8.237764;0;2.566569;0.0004822531;MPIB4
116.6;MPIB4;SPL;52826;8.237764;0;2.566569;0.002025463;MPIB4
116.6;MPIB2;SPL;52826;8.237764;0;2.566569;0.0003375772;MPIB4
116.65;MPIB4;SPL;52826;8.237764;0;2.566569;0.00163966;MPIB4
116.65;MPIB2;SPL;52826;8.237764;0;2.566569;0.0004340278;MPIB4
116.7;MPIB4;SPL;52826;8.237764;0;2.566569;0.0009645062;MPIB4
116.7;MPIB2;SPL;52826;8.237764;0;2.566569;0.0001446759;MPIB4
116.75;MPIB4;SPL;52826;8.237764;0;2.566569;0.0008198302;MPIB4
116.75;MPIB2;SPL;52826;8.237764;0;2.566569;0.0001929012;MPIB4
116.8;MPIB2;SPL;52826;8.237764;0;2.566569;0.0003375772;MPIB4
116.85;MPIB2;SPL;52826;8.237764;0;2.566569;0.0002411265;MPIB4
116.9;MPIB2;SPL;52826;8.237764;0;2.566569;9.645062E-05;MPIB4
